TransactionID,CustomerID,TransactionDate,Amount
441705,1001,2022-01-24,4330
538716,1001,2020-04-02,552
616998,1001,2023-09-17,4088
565757,1001,2020-06-07,2177
232028,1001,2020-01-24,603
541124,1001,2021-05-30,2979
912395,1001,2023-11-06,1155
478544,1002,2022-08-04,4903
820488,1002,2021-02-23,1473
787220,1002,2022-05-15,4011
667873,1002,2020-11-30,1641
486821,1002,2020-10-21,4209
915858,1002,2023-10-26,4481
142229,1002,2021-09-28,3914
803724,1002,2021-06-13,3823
360116,1002,2022-06-29,3114
620985,1002,2020-04-09,4773
297133,1002,2020-11-29,201
395286,1002,2020-10-19,4205
488076,1002,2021-07-06,2565
720347,1002,2021-01-15,1846
722605,1002,2021-05-18,2478
540280,1002,2023-01-12,329
300422,1002,2022-04-17,3416
685560,1002,2020-01-28,2313
426818,1002,2023-06-06,4556
244832,1002,2023-12-18,4755
161367,1002,2020-10-27,3574
335806,1002,2023-11-19,3281
657685,1003,2020-09-26,2839
302332,1003,2022-04-23,3632
869299,1003,2022-08-29,2560
313567,1003,2022-06-04,1507
316184,1003,2023-02-04,2934
377707,1003,2020-06-13,2552
857232,1003,2020-06-04,1590
249381,1004,2021-09-11,1474
543324,1004,2020-11-29,1168
802974,1004,2023-08-09,1243
886713,1004,2022-03-07,1258
317285,1004,2021-04-29,4028
858842,1004,2022-04-16,1208
950610,1004,2023-05-14,1235
743561,1004,2020-10-02,2940
790417,1004,2023-05-24,325
751233,1004,2020-08-04,4068
246470,1004,2023-05-31,3449
633398,1004,2023-12-22,4123
139062,1004,2021-01-18,4603
490479,1004,2022-01-15,1091
497686,1004,2022-10-28,2233
601076,1004,2020-05-08,1214
778556,1004,2023-10-07,4812
734965,1004,2023-04-13,4073
148320,1004,2020-11-06,2674
881725,1005,2020-04-23,4249
836400,1005,2020-10-29,4152
588011,1005,2022-09-13,2063
530424,1005,2022-03-24,3272
525106,1005,2023-08-03,3324
572132,1005,2020-12-26,3873
894557,1005,2023-05-28,4233
727697,1005,2021-12-04,774
629992,1005,2023-03-30,4983
782568,1005,2021-08-11,3430
821384,1005,2022-08-28,1547
619777,1005,2023-11-05,3373
653453,1005,2020-01-19,3753
435441,1005,2021-01-31,1200
117772,1006,2023-09-16,3912
494583,1006,2022-04-01,654
716024,1006,2021-12-25,3926
451296,1006,2023-01-04,4289
858470,1006,2020-05-22,1116
308786,1006,2022-04-07,1640
239999,1006,2020-10-17,3538
860674,1006,2022-08-25,3089
387681,1006,2022-07-30,4048
731810,1006,2020-03-25,4065
368615,1006,2022-03-26,2701
847419,1006,2021-09-20,1377
235832,1006,2020-01-12,4599
504772,1006,2022-09-01,3571
671107,1006,2022-02-21,242
520182,1006,2023-09-11,2745
782347,1006,2022-06-09,1204
648884,1006,2021-02-10,1214
159182,1006,2023-02-14,914
923346,1006,2020-11-19,340
358517,1006,2022-02-25,1163
893583,1006,2021-01-07,3835
848013,1006,2022-01-20,305
557373,1007,2020-01-02,4216
798956,1007,2021-10-05,2337
357368,1007,2020-12-15,3730
854950,1007,2023-10-06,3379
279785,1007,2022-11-28,3854
582238,1007,2020-11-07,644
219735,1007,2020-02-05,1675
636437,1007,2023-11-09,1908
712492,1008,2022-06-05,1500
844149,1008,2023-05-28,4176
283321,1008,2021-06-04,209
700441,1008,2021-11-12,2831
827191,1008,2021-12-20,1272
332601,1008,2022-05-08,1516
351459,1008,2020-02-19,3883
762587,1008,2023-04-05,3473
975352,1008,2020-05-25,3240
601174,1008,2020-08-29,4876
295246,1008,2021-04-27,3379
117633,1008,2021-11-03,830
966964,1008,2021-10-23,3703
168388,1008,2021-02-22,1187
385855,1009,2021-10-11,1168
258285,1009,2023-01-05,640
893853,1009,2022-07-09,969
642015,1009,2020-09-19,3929
194018,1009,2023-10-29,4208
329104,1009,2021-04-03,3551
544717,1009,2023-05-26,1325
176329,1009,2020-10-14,1390
794892,1009,2022-10-02,4331
997767,1009,2020-12-18,272
655655,1009,2023-10-08,2114
168008,1010,2022-09-25,907
216492,1010,2021-07-14,3913
825947,1010,2021-05-31,2675
398522,1010,2020-06-08,3023
942981,1010,2020-03-07,3261
599499,1010,2021-01-15,4353
698357,1010,2023-02-27,2974
351051,1010,2022-02-08,2861
813936,1010,2020-12-19,1694
605629,1010,2020-04-25,861
719961,1011,2021-03-28,2068
935036,1011,2020-10-13,3574
125592,1011,2020-11-06,407
332041,1011,2021-03-21,832
224982,1011,2022-06-30,3283
784688,1011,2023-11-24,2131
251175,1011,2022-09-06,2762
855343,1011,2020-08-24,4643
286994,1011,2023-02-01,4925
322724,1011,2023-06-25,563
118752,1011,2020-10-12,348
768755,1011,2021-02-09,4751
716166,1011,2022-03-10,1212
700847,1011,2021-04-04,1723
119169,1011,2021-05-23,3925
743552,1011,2020-04-23,1801
659873,1012,2022-01-30,2696
548330,1012,2022-04-14,1925
877622,1012,2023-05-04,4606
714661,1012,2023-12-13,605
689738,1012,2020-05-22,4637
826331,1012,2023-01-29,443
161929,1012,2020-01-12,760
767689,1012,2021-11-08,793
187468,1012,2023-03-27,3487
145033,1012,2024-01-25,333
807650,1012,2022-10-27,272
178222,1012,2023-11-29,4425
754801,1012,2023-05-14,4561
960952,1013,2020-09-09,4459
829182,1013,2022-04-12,1333
393199,1013,2022-04-01,437
245788,1013,2023-12-30,3146
790658,1013,2022-06-20,1248
302380,1013,2023-02-14,2729
987700,1014,2022-09-20,1163
772280,1014,2023-01-07,4423
636159,1014,2020-04-01,3924
829630,1014,2022-04-25,3803
351537,1014,2022-09-15,2694
964645,1014,2021-11-02,2084
571082,1014,2020-09-10,3401
334555,1014,2021-10-24,2153
459177,1014,2020-12-10,4937
543057,1014,2023-06-30,2150
256104,1014,2022-09-09,2330
144936,1014,2023-01-27,4444
325469,1015,2022-06-01,599
254363,1015,2021-08-31,1838
679111,1015,2022-02-23,2348
527387,1015,2022-03-30,3492
600531,1015,2021-02-23,4419
596037,1015,2023-06-08,1708
656659,1015,2022-02-06,2244
458918,1015,2020-06-03,2339
914037,1015,2021-03-30,1964
597660,1015,2021-08-20,3916
293021,1015,2023-04-21,4681
163037,1015,2021-02-08,2493
334213,1015,2021-10-22,1100
160428,1016,2020-07-31,2209
737420,1016,2023-05-21,2585
802436,1016,2020-06-21,871
362307,1016,2021-04-09,3242
563547,1016,2021-01-29,4998
744863,1017,2020-07-01,4924
976313,1017,2021-05-24,745
399631,1017,2021-08-16,4004
912467,1017,2023-12-16,2801
548532,1017,2021-07-07,2644
479504,1017,2020-04-14,216
103191,1017,2021-01-27,624
728864,1017,2023-02-27,771
103631,1017,2020-01-29,1320
320169,1017,2020-08-29,4097
652959,1017,2020-08-19,988
877499,1017,2021-12-15,3049
608679,1017,2021-12-26,2447
778832,1017,2020-03-19,4126
518647,1017,2023-04-11,2348
825836,1017,2023-05-08,3776
587510,1017,2020-02-12,3656
369932,1017,2023-12-29,607
713858,1017,2021-10-25,3288
970020,1017,2020-05-27,4527
241214,1017,2020-12-31,1874
301139,1017,2021-02-02,2746
688315,1017,2021-07-16,3762
192601,1017,2023-07-08,972
760799,1018,2020-05-17,1773
521486,1018,2022-09-18,3491
248702,1018,2020-12-25,2576
545377,1018,2021-04-07,3193
846434,1018,2023-11-06,1813
797960,1018,2020-06-17,4512
223257,1018,2020-04-28,4485
369054,1018,2021-01-04,2396
518443,1018,2022-02-08,2621
854444,1018,2020-06-08,4183
109503,1018,2023-08-04,722
247977,1018,2022-02-21,2520
713777,1019,2020-07-01,4240
515384,1019,2021-05-02,3897
979381,1019,2021-02-17,3443
979903,1019,2023-12-29,885
184080,1019,2022-06-06,4188
177794,1019,2020-05-01,1767
220029,1019,2020-02-08,2744
661931,1019,2023-06-10,3190
287921,1019,2020-05-28,3668
598685,1019,2021-10-22,501
941965,1019,2021-10-08,4958
769931,1019,2020-07-21,4551
289784,1020,2021-06-17,4068
804268,1020,2024-01-29,4508
743534,1020,2021-03-11,482
279761,1020,2024-01-26,4282
277558,1020,2020-03-28,660
470965,1020,2021-02-24,1924
166912,1020,2021-11-26,714
895326,1020,2020-01-19,222
806972,1020,2022-11-19,1504
680735,1020,2023-06-06,561
877401,1020,2020-05-08,1484
542882,1020,2021-03-24,2055
195081,1020,2021-04-17,3281
789556,1020,2020-10-28,1122
701153,1020,2022-07-25,2359
621608,1021,2021-05-14,3179
540917,1021,2020-08-21,2849
616409,1021,2021-07-19,3283
651120,1021,2022-11-03,3689
664660,1021,2023-11-01,2834
792111,1021,2022-10-11,4095
516978,1021,2023-01-29,897
724771,1021,2023-11-05,1243
642601,1021,2021-06-19,1213
214914,1021,2023-03-23,2028
959877,1021,2024-02-01,2223
743942,1021,2021-02-08,2285
688717,1021,2020-07-06,1280
389910,1021,2021-08-05,2763
529276,1021,2021-06-09,3786
771447,1021,2020-12-01,3147
398871,1021,2022-02-04,2783
116029,1022,2021-08-16,3459
521947,1022,2022-07-03,4088
168926,1022,2020-07-29,4701
543031,1022,2023-02-06,741
252889,1022,2022-09-24,3174
870915,1022,2020-01-19,631
367613,1023,2020-07-01,1406
176256,1023,2023-03-15,1030
757011,1023,2023-02-10,3010
518267,1023,2022-02-01,1526
342634,1023,2022-10-16,2036
702272,1023,2021-02-04,4493
920483,1023,2021-10-21,2210
616494,1023,2020-03-18,2371
288490,1023,2020-05-16,4897
627759,1023,2022-04-16,699
851164,1023,2020-05-17,2297
146850,1023,2022-08-30,3896
601597,1023,2020-09-10,2957
153072,1023,2021-07-16,4186
183369,1023,2021-06-30,4876
687100,1023,2020-02-18,903
352164,1023,2020-12-21,1825
260381,1024,2022-01-12,3178
456992,1024,2022-03-02,3584
930051,1024,2022-03-19,885
605659,1024,2023-10-19,4483
763096,1024,2022-09-11,4843
574013,1024,2023-12-02,1075
792841,1024,2021-02-17,1565
465446,1024,2020-06-11,2174
248087,1025,2022-06-24,3671
619349,1025,2020-07-23,781
875723,1025,2022-04-20,1919
589066,1025,2021-08-18,2497
466008,1025,2020-07-14,889
988736,1025,2022-12-29,1622
507505,1025,2021-11-02,1371
351351,1025,2022-08-01,1649
495755,1025,2022-06-14,4460
511961,1025,2020-01-21,3852
623394,1025,2022-09-10,2552
380466,1025,2021-01-05,4679
405035,1025,2021-03-20,624
368448,1025,2023-04-16,4924
191006,1025,2021-05-04,797
905878,1025,2020-10-15,4888
306487,1025,2021-07-26,2290
277832,1025,2021-02-26,3869
448688,1026,2022-08-23,1717
309093,1026,2021-09-01,3848
803305,1026,2022-05-02,3788
707745,1026,2020-01-22,3337
745961,1026,2020-04-07,3415
720399,1026,2021-03-10,4932
169286,1026,2023-01-14,4883
174071,1026,2023-08-10,4866
148777,1026,2021-09-02,1927
290706,1026,2021-07-14,2279
426022,1026,2020-10-03,4827
830265,1026,2021-01-17,1291
785933,1026,2022-06-02,2991
720756,1026,2020-03-19,1949
625069,1026,2023-11-05,3248
631111,1026,2020-02-27,4067
271033,1026,2022-05-30,4742
200417,1026,2023-07-01,4170
274023,1026,2022-12-03,1777
141971,1026,2020-08-14,2014
450808,1026,2021-01-13,4602
757911,1027,2020-09-24,3857
280231,1027,2021-05-22,675
777160,1027,2020-06-12,684
361716,1027,2022-12-31,4854
271918,1027,2020-08-25,4763
971877,1027,2023-07-15,3022
924143,1027,2021-01-21,3124
690082,1027,2020-10-09,2098
628423,1027,2021-04-30,3176
578336,1027,2022-10-11,812
379215,1027,2021-09-04,2507
139901,1027,2022-08-23,1981
892338,1027,2021-06-27,2896
687275,1027,2022-03-24,4158
467631,1027,2023-02-26,774
613012,1028,2021-10-31,4564
156481,1028,2023-07-07,1123
494341,1028,2020-09-03,3911
771514,1028,2020-05-10,2600
388963,1028,2022-07-18,3269
319780,1028,2020-08-14,3747
197756,1028,2020-09-21,1595
195665,1028,2021-10-07,3190
343051,1028,2021-04-01,2972
836983,1028,2023-06-03,1354
887019,1028,2021-04-20,2021
862841,1028,2023-07-24,4031
191353,1028,2020-07-08,1180
945474,1028,2021-06-29,4336
827346,1028,2022-07-31,4633
302041,1028,2023-01-03,2526
439119,1028,2022-06-14,1874
394746,1029,2022-07-19,4584
289139,1029,2022-06-11,1289
305735,1029,2020-09-04,355
223950,1029,2021-03-29,4419
286368,1029,2022-08-25,4030
846111,1029,2020-07-09,1802
352419,1029,2021-03-17,4828
543316,1029,2023-08-18,659
517168,1029,2021-07-04,592
603650,1029,2022-04-24,2457
674578,1029,2021-10-07,2654
683098,1029,2023-10-09,2797
821037,1029,2021-09-03,4796
174567,1029,2021-12-02,3818
802098,1029,2021-08-18,2104
239544,1029,2021-02-27,4565
563001,1029,2021-09-05,1950
153909,1029,2020-03-23,3146
339017,1029,2023-07-22,2531
569164,1030,2023-09-12,3989
565982,1030,2023-01-01,3010
376091,1030,2023-10-30,4928
216219,1030,2022-02-25,3190
680595,1030,2021-02-01,1343
412229,1030,2023-12-31,2923
524871,1030,2021-04-09,485
946143,1030,2021-11-03,3647
688595,1030,2020-03-29,1962
242312,1030,2020-11-29,2469
853704,1030,2020-03-08,1187
376993,1030,2023-02-24,4990
385711,1030,2021-04-21,1285
721424,1030,2021-03-07,1893
285378,1030,2022-02-17,4789
560244,1030,2021-10-22,1548
572367,1030,2023-07-23,4140
536162,1030,2022-10-09,2244
500584,1030,2024-01-08,1258
895600,1030,2021-04-26,927
159871,1030,2022-12-24,542
132174,1030,2023-12-18,2579
237653,1030,2020-06-22,726
601608,1030,2021-10-20,2273
188668,1031,2021-02-09,1773
720307,1031,2021-05-19,3940
964434,1031,2020-05-11,2046
773222,1031,2020-12-13,971
655083,1031,2021-08-01,3101
493409,1031,2023-03-31,2594
897622,1031,2023-10-16,1992
787687,1031,2023-01-15,4205
664485,1031,2020-08-01,3936
257584,1031,2021-07-26,4557
759738,1031,2024-01-30,3651
784393,1031,2024-01-12,4736
306940,1031,2022-01-22,341
891842,1031,2023-12-26,4996
678533,1031,2020-02-18,1525
875024,1031,2023-04-28,1359
530634,1031,2021-02-07,4897
982470,1031,2020-12-06,4028
216656,1031,2021-12-04,4613
393481,1031,2023-10-18,2629
282024,1031,2023-09-29,4848
492720,1031,2022-05-05,2012
135634,1031,2020-07-01,3312
646342,1031,2021-01-31,1717
776746,1032,2023-09-18,2374
414925,1032,2020-01-01,3439
947467,1032,2020-01-19,3603
866535,1032,2021-03-31,3204
810644,1032,2023-02-06,3539
303196,1032,2023-06-17,3572
819449,1032,2020-04-12,1187
758681,1032,2024-01-16,4815
475960,1032,2022-05-08,373
572406,1032,2022-10-01,926
234832,1032,2022-04-29,4233
138211,1032,2022-09-16,3944
880926,1032,2021-02-23,793
853298,1032,2021-02-15,1135
965363,1032,2023-02-10,4008
903147,1032,2023-11-02,2902
507592,1032,2022-08-16,4068
972552,1032,2020-07-20,2697
527826,1032,2023-07-13,1109
571249,1032,2021-07-16,3389
164200,1032,2023-11-01,970
512755,1032,2021-03-29,2914
162068,1032,2021-01-21,3621
909217,1033,2023-01-09,4208
784029,1033,2020-09-24,2666
626570,1033,2023-08-27,2198
262777,1033,2023-10-12,1436
792797,1033,2020-02-18,1350
743294,1033,2022-07-09,1631
924824,1033,2023-08-10,2019
896948,1033,2024-01-01,1330
483395,1033,2021-09-02,3700
331496,1033,2022-11-19,3459
979979,1033,2024-01-14,2442
703291,1033,2023-04-10,3334
115434,1034,2021-07-13,2241
870042,1034,2023-02-15,1835
752667,1034,2021-11-09,3561
581719,1034,2022-07-21,206
168803,1034,2021-02-24,1791
907744,1034,2023-05-01,2806
799539,1034,2023-05-10,1113
888443,1034,2023-12-13,3254
867454,1034,2024-02-07,4421
278570,1034,2022-03-27,3128
609733,1034,2021-07-29,1129
832847,1034,2024-01-03,3475
719328,1035,2022-11-20,2100
535633,1035,2022-04-16,1599
775159,1035,2021-03-18,3850
745194,1035,2021-07-10,1378
631885,1035,2020-12-28,1457
832722,1035,2020-09-18,1110
350100,1035,2021-06-25,4209
876676,1035,2020-05-01,2372
253124,1035,2020-06-18,323
108036,1035,2022-11-24,3358
785763,1036,2022-02-24,2616
387516,1036,2020-03-17,4354
950350,1036,2021-09-29,2136
159500,1036,2022-10-04,1501
734947,1036,2022-12-28,3436
509064,1036,2020-10-31,2132
962881,1036,2020-12-30,2590
150098,1036,2022-06-17,1577
347199,1036,2023-02-06,540
799309,1036,2021-01-17,1756
624426,1037,2020-12-24,1722
971808,1037,2023-07-27,1334
557569,1037,2020-05-18,3370
906651,1037,2020-04-13,1437
277912,1037,2022-01-31,3034
702276,1037,2022-09-25,2767
756667,1037,2021-05-31,856
921860,1037,2020-06-12,2109
306846,1037,2020-03-04,3362
232212,1037,2020-09-23,2045
888140,1037,2023-03-09,2493
259380,1037,2021-01-29,1710
379003,1037,2022-09-03,1407
670387,1037,2021-07-11,1082
225074,1037,2021-10-27,2867
138635,1037,2022-03-30,4877
697093,1038,2023-12-11,2654
383022,1038,2021-12-15,4999
692632,1038,2021-05-13,4025
660592,1038,2022-08-31,4002
587505,1038,2021-08-26,2170
384334,1038,2022-02-10,1102
808770,1038,2022-12-07,2758
672744,1038,2020-04-25,2584
508288,1039,2022-04-19,2690
221668,1039,2022-11-02,1142
648333,1039,2020-10-13,2967
723729,1039,2021-04-24,4317
236917,1039,2021-11-13,4106
742613,1039,2022-06-24,2567
440093,1039,2020-10-03,2199
767304,1039,2021-11-26,1509
841432,1039,2023-08-19,3434
177842,1039,2023-10-25,2511
184761,1039,2020-04-22,3759
898022,1039,2021-06-25,2894
428768,1039,2023-08-08,224
502980,1039,2020-01-01,3158
220356,1039,2020-05-20,1967
440615,1039,2020-07-06,400
111390,1039,2020-09-13,3947
456898,1039,2020-07-12,3375
849078,1039,2023-07-12,613
462462,1039,2023-10-13,1298
906242,1039,2022-06-28,387
865612,1040,2023-08-06,2292
259292,1040,2020-03-23,557
122031,1040,2022-12-25,2622
243521,1040,2023-11-04,4745
740473,1040,2022-11-02,2358
851518,1040,2021-05-22,2542
885858,1040,2022-06-22,1438
223853,1040,2021-09-23,4165
335062,1040,2022-11-16,3901
987516,1040,2023-06-08,1788
914886,1040,2020-11-16,636
222258,1040,2022-12-12,4058
582616,1040,2023-07-28,2584
378710,1040,2022-11-12,1789
649523,1040,2020-06-08,4153
262993,1040,2021-02-15,1211
114743,1040,2022-04-26,2507
287450,1041,2024-02-03,1235
587030,1041,2023-08-06,4649
279838,1041,2023-01-03,1464
713369,1041,2023-03-23,2009
299775,1041,2020-10-20,3614
162551,1041,2022-03-28,2637
180811,1041,2022-06-07,867
468266,1041,2021-09-24,2824
302346,1041,2020-05-16,4723
236643,1041,2021-09-03,1018
191218,1041,2020-06-25,397
618767,1041,2021-11-21,3692
340016,1041,2021-04-15,2148
948800,1041,2021-09-23,4318
447860,1041,2020-08-22,1128
611511,1041,2021-06-06,3723
735310,1041,2022-03-03,1829
702644,1042,2022-09-05,1516
487881,1042,2022-07-01,1324
253077,1042,2023-08-20,2787
518815,1042,2023-10-10,3574
691343,1042,2020-08-14,1091
400486,1042,2022-11-02,2457
389508,1042,2021-01-31,2278
836129,1042,2021-10-10,4624
676677,1042,2024-01-22,4093
227927,1042,2023-01-28,2868
601590,1042,2023-04-11,1972
681793,1042,2022-02-14,1139
578356,1042,2021-06-23,1661
436227,1043,2023-06-29,434
573314,1043,2023-08-29,2296
890645,1043,2020-02-23,1873
549076,1043,2022-12-03,2300
341225,1043,2021-07-11,3796
873221,1044,2022-05-17,4693
394025,1044,2021-11-05,586
807173,1044,2020-01-17,4051
791381,1044,2022-06-02,4836
983096,1044,2022-01-09,1601
901625,1044,2020-08-17,4104
513523,1044,2020-04-28,3427
799151,1044,2021-04-09,2351
832763,1044,2021-11-28,4066
695642,1045,2020-06-23,2992
486721,1045,2023-12-15,3662
392575,1045,2021-10-26,232
155350,1045,2021-06-02,3003
161240,1045,2020-01-12,919
811028,1045,2021-04-28,1172
415014,1045,2023-06-05,4602
776296,1045,2020-06-08,4626
844199,1045,2020-08-12,3230
541048,1045,2024-01-19,3316
340853,1045,2022-12-18,843
276743,1045,2020-07-13,4196
993416,1045,2020-06-05,2857
187265,1045,2021-02-15,3476
727835,1046,2021-04-15,1441
862371,1046,2023-02-01,592
723222,1046,2021-08-30,1179
309329,1046,2023-09-16,4071
811195,1046,2020-10-04,432
732336,1046,2023-01-18,3470
864265,1046,2024-01-04,225
213688,1046,2023-11-18,660
480596,1046,2021-03-31,3631
834275,1046,2022-10-03,3683
698506,1046,2022-12-08,3373
648277,1046,2021-07-12,358
966792,1046,2021-11-16,3513
766393,1046,2020-01-05,2495
593216,1046,2022-08-03,2669
609850,1046,2020-01-15,2983
595164,1046,2023-02-19,2700
353317,1046,2023-08-10,3845
446709,1046,2021-03-21,2549
537470,1047,2020-01-03,1316
667815,1047,2023-12-22,692
848778,1047,2021-09-11,3432
255344,1047,2020-11-26,2580
671441,1047,2022-05-12,3763
863461,1047,2020-09-28,4875
159234,1047,2023-06-29,2943
327135,1047,2023-01-18,2693
975512,1047,2023-09-17,556
950193,1047,2022-11-08,1069
223765,1047,2020-06-02,1483
297227,1047,2022-06-01,996
890074,1047,2020-05-04,3625
396208,1047,2021-09-10,444
168431,1047,2021-03-25,1129
316204,1047,2020-12-27,207
700541,1047,2023-10-07,2219
556285,1048,2022-04-12,4482
988403,1048,2022-01-23,285
258763,1048,2020-05-16,2668
122601,1048,2023-03-25,4209
381854,1048,2020-06-19,2417
687515,1048,2022-05-21,2569
251094,1048,2021-03-31,1143
892154,1048,2022-02-28,2860
967482,1048,2022-06-07,4644
861282,1048,2023-04-11,4305
168323,1048,2023-07-12,1661
664983,1048,2023-06-24,866
155841,1048,2020-05-08,3943
207096,1048,2021-08-27,4622
710032,1048,2022-09-06,2651
592148,1048,2023-10-14,3874
775673,1048,2021-12-18,4569
145740,1048,2020-04-25,2203
575828,1048,2023-01-19,1305
545376,1049,2020-04-23,353
212492,1049,2023-11-28,3899
853494,1049,2023-07-13,4610
742762,1049,2022-11-30,4400
867876,1049,2023-05-01,2601
557719,1049,2022-01-02,4946
496087,1049,2022-08-04,860
515842,1049,2021-08-10,2529
208946,1050,2023-02-06,899
835430,1050,2023-08-19,2238
819174,1050,2020-06-02,4847
369956,1050,2021-02-08,4757
495395,1050,2022-03-01,1073
410001,1050,2021-09-19,3380
382844,1050,2021-07-06,1591
193330,1050,2020-04-21,814
507085,1050,2022-07-12,3765
586904,1050,2021-04-19,470
538242,1050,2021-02-24,1590
476087,1050,2023-07-30,4335
245342,1050,2020-07-07,3807
372919,1050,2022-10-24,4106
247745,1050,2021-03-08,3452
107415,1050,2021-09-19,478
537100,1050,2021-08-03,453
399188,1050,2021-11-11,1024
525468,1050,2021-11-30,1580
863529,1050,2021-11-10,3356
924834,1050,2021-01-18,541
515534,1050,2022-04-23,3309
251538,1050,2021-02-23,2998
257636,1051,2023-09-28,2049
944081,1051,2021-12-02,1335
654394,1051,2020-07-24,4791
463898,1051,2022-12-06,4011
226479,1051,2021-05-18,4508
364852,1051,2022-01-22,471
472282,1051,2022-07-26,3473
802495,1051,2021-03-18,4549
239784,1051,2022-09-03,3922
169087,1051,2020-01-10,2973
913560,1051,2022-02-23,4107
843859,1051,2023-02-08,352
351514,1051,2022-07-05,3116
884192,1052,2023-04-29,1952
701891,1052,2023-01-09,2736
457246,1052,2023-01-16,4399
185774,1052,2023-01-24,3694
298522,1052,2023-05-06,3272
977550,1052,2021-02-10,366
657564,1052,2020-11-08,3864
513089,1052,2022-02-01,880
839804,1052,2020-03-13,4877
792485,1052,2023-09-25,1531
403664,1053,2023-01-04,2103
362318,1053,2020-04-18,2430
808672,1053,2022-08-20,1697
931246,1053,2023-01-28,1767
229887,1053,2023-02-25,568
301554,1053,2020-02-12,2107
595010,1053,2021-05-02,4373
281517,1054,2021-11-04,4996
539030,1054,2021-12-28,3586
578108,1054,2022-06-20,1192
990023,1054,2020-12-04,2440
925626,1054,2023-09-21,589
342188,1055,2023-06-17,2055
337501,1055,2021-10-20,2963
808175,1055,2022-06-09,1681
942840,1055,2023-01-23,651
225355,1055,2023-03-20,1737
427031,1055,2022-11-11,1082
317400,1055,2022-04-19,2766
611181,1055,2021-01-09,4746
505105,1055,2022-10-11,4890
373586,1055,2023-05-18,4795
923759,1055,2023-02-21,312
187051,1055,2023-02-23,2578
852922,1056,2020-05-19,1624
872997,1056,2023-01-25,716
241880,1056,2022-04-25,1087
393946,1056,2022-11-22,249
742927,1056,2020-01-19,1673
439933,1056,2021-07-12,651
597952,1056,2023-03-10,3965
479270,1056,2020-08-02,1749
619570,1056,2020-05-07,2961
719064,1057,2023-11-16,401
810672,1057,2020-11-17,717
861401,1057,2023-09-10,1541
424264,1057,2023-01-10,3745
752755,1057,2021-02-28,4002
843088,1057,2023-05-12,3854
598682,1057,2021-01-21,407
466081,1057,2021-08-08,4317
714553,1057,2024-01-02,3566
719164,1057,2020-08-17,2800
211541,1057,2020-05-27,4698
588019,1057,2021-01-01,3049
868917,1057,2023-03-03,1942
112360,1058,2021-04-25,4855
361445,1058,2022-01-14,4395
154330,1058,2021-05-22,2505
653372,1058,2024-01-15,1288
626930,1058,2023-03-23,4957
496210,1058,2021-07-13,3164
461719,1058,2022-05-17,809
184381,1058,2020-01-25,483
293984,1058,2022-05-30,4596
797411,1058,2022-10-27,1016
353091,1058,2020-03-23,2120
206121,1058,2023-12-14,3344
967564,1058,2020-02-15,4913
746047,1058,2020-09-18,375
471344,1059,2022-04-21,569
740794,1059,2020-02-23,4985
513090,1059,2023-09-26,4662
816046,1059,2021-10-05,3876
233498,1059,2020-03-13,3162
523159,1059,2022-05-09,4056
104138,1059,2021-01-11,1264
438089,1059,2020-07-30,3951
896710,1059,2021-01-03,3004
223030,1059,2023-02-08,2984
333540,1060,2020-10-25,2450
960220,1060,2022-08-03,3210
153053,1060,2023-08-30,1384
186346,1060,2020-12-03,1829
420815,1060,2023-09-23,1773
498499,1060,2024-01-06,2566
377068,1060,2021-05-18,3957
462441,1060,2022-05-19,1214
634391,1060,2021-08-25,4021
526674,1060,2021-05-08,689
123248,1060,2023-01-01,2756
779530,1060,2020-10-21,4227
274875,1060,2022-05-14,1917
979140,1060,2021-10-10,2073
243927,1060,2023-04-25,3017
616540,1060,2020-12-28,941
577177,1060,2021-11-10,2667
587025,1060,2023-06-29,1558
255489,1061,2020-03-03,2759
408362,1061,2023-04-23,4551
796454,1061,2022-05-24,2335
566755,1061,2022-09-14,3478
238368,1061,2022-04-02,3274
113261,1061,2022-07-22,320
953605,1061,2022-11-27,1124
870692,1061,2021-12-14,2268
935825,1061,2021-03-30,2868
409550,1061,2022-03-13,4364
752416,1061,2020-07-14,2387
963675,1061,2020-10-09,2559
776585,1061,2020-10-03,260
226270,1061,2020-02-21,4127
867286,1061,2021-06-27,766
865791,1061,2023-11-13,1771
686349,1061,2023-04-15,4609
971206,1061,2022-04-27,1436
755496,1061,2022-10-26,2356
970946,1061,2022-11-28,861
593992,1061,2021-09-21,2508
885833,1061,2020-03-27,2712
622710,1062,2021-02-17,3142
938357,1062,2021-04-01,3510
363844,1062,2021-10-14,3829
263187,1062,2021-05-09,1847
613942,1062,2022-12-04,3518
267527,1062,2021-08-19,4745
747652,1062,2021-10-07,3289
769277,1062,2021-10-23,4584
164925,1062,2021-12-21,4933
403602,1062,2022-08-31,4929
199977,1062,2022-10-16,314
930371,1062,2021-11-04,1936
472251,1062,2022-10-31,2453
886086,1062,2020-09-03,3830
803221,1062,2023-02-24,346
407086,1062,2023-11-06,4707
798730,1063,2020-05-16,3560
660608,1063,2020-01-19,2442
704489,1063,2020-06-23,648
331324,1063,2022-08-03,4436
811413,1063,2022-07-18,4388
243279,1063,2020-08-26,404
504015,1063,2023-12-27,4540
170463,1063,2023-09-02,3172
661446,1063,2021-10-01,4366
220076,1063,2023-09-10,4600
902242,1063,2022-10-27,1016
211718,1063,2022-03-31,392
136413,1064,2021-06-12,450
675228,1064,2023-11-11,3900
766015,1064,2022-03-04,1367
595413,1064,2021-10-29,1296
151831,1064,2023-01-21,704
732405,1064,2020-12-01,2672
912395,1064,2022-08-04,4016
457574,1064,2021-12-18,3684
497650,1064,2021-10-20,4208
104994,1064,2020-05-18,3964
406093,1064,2021-06-25,2304
404359,1064,2021-10-19,2682
616479,1064,2021-07-13,393
439679,1064,2021-06-17,2765
102763,1064,2022-01-20,2539
218094,1064,2022-01-01,3072
176848,1064,2021-11-15,4377
892908,1064,2021-07-10,2582
542899,1064,2020-08-08,834
585097,1064,2020-11-18,202
867669,1064,2020-07-24,4335
646298,1065,2022-04-22,3393
492670,1065,2021-09-10,3506
395809,1065,2022-12-21,1479
540880,1065,2022-06-23,870
320283,1065,2020-11-12,3775
440686,1065,2022-12-07,2155
776999,1065,2023-05-09,449
876505,1065,2023-10-23,2053
898009,1066,2023-10-10,243
382140,1066,2021-07-24,4878
660219,1066,2023-07-12,3142
223099,1066,2022-07-13,3713
208944,1066,2023-11-24,2974
903806,1066,2022-06-17,2012
443615,1066,2022-05-07,1003
297097,1066,2024-02-02,3845
184811,1066,2024-01-08,3540
663466,1066,2020-02-23,2775
554151,1066,2021-09-07,1154
298237,1067,2022-01-03,849
735274,1067,2023-05-15,2840
939385,1067,2021-05-28,3449
149522,1067,2022-05-07,4953
107485,1067,2022-01-05,583
212701,1067,2021-05-19,4534
545093,1068,2023-05-30,4451
361497,1068,2022-07-11,3115
258598,1068,2022-09-25,1174
592750,1068,2021-01-22,2014
750102,1068,2022-04-17,1563
253939,1068,2020-07-22,360
915495,1068,2022-02-07,3948
967196,1069,2021-02-08,807
564462,1069,2022-04-07,3391
526673,1069,2022-06-20,2303
690189,1069,2021-03-30,4399
202476,1069,2020-08-17,2578
281429,1069,2022-06-11,4039
921935,1069,2020-01-27,3547
175403,1069,2020-10-25,1156
688574,1069,2023-01-19,2705
543842,1069,2020-12-30,4646
422959,1070,2020-09-09,3028
949776,1070,2022-03-13,2706
423258,1070,2022-07-05,4794
125525,1070,2021-05-22,3050
606453,1070,2020-06-14,3686
929901,1070,2022-07-08,313
545872,1070,2022-09-18,4039
707466,1070,2024-01-05,3626
878754,1070,2023-05-16,3396
196393,1070,2020-12-04,2784
961756,1070,2021-01-17,218
766282,1070,2024-01-13,772
401994,1070,2023-07-23,2458
111094,1070,2021-10-12,2787
484708,1070,2023-04-29,1538
301604,1070,2022-02-18,2417
152691,1070,2022-11-03,4583
849450,1070,2020-07-07,3161
643898,1070,2021-11-24,1298
595236,1071,2023-09-28,1648
591006,1071,2022-05-06,2705
100917,1071,2022-04-12,1878
379143,1071,2021-02-09,1949
685457,1071,2022-07-31,4388
159821,1071,2021-10-15,3705
537651,1071,2021-03-09,1335
374336,1071,2021-01-09,406
186795,1071,2023-08-12,1341
759987,1071,2023-05-30,2890
598843,1071,2023-04-22,289
236285,1071,2020-01-13,3220
216545,1071,2022-03-15,1144
774533,1071,2024-01-01,1810
386663,1071,2022-05-25,4082
114995,1071,2022-10-28,4591
776479,1072,2020-12-05,4923
925782,1072,2023-03-13,1141
571869,1072,2021-06-02,1175
975564,1072,2022-08-12,1462
547415,1072,2022-08-01,2402
621396,1072,2023-05-23,3527
744606,1072,2023-01-01,4474
798148,1072,2023-06-11,664
408974,1072,2023-05-31,1430
240148,1072,2020-12-31,4056
135903,1072,2022-03-20,1124
712242,1072,2021-05-08,1746
541441,1072,2022-12-30,2611
741593,1072,2022-02-01,2523
300753,1072,2023-10-13,2975
735785,1072,2022-07-16,4859
352388,1072,2023-01-12,4170
943556,1072,2021-08-06,4531
306903,1072,2020-12-25,309
387623,1072,2023-01-21,1061
155863,1072,2022-12-19,849
603323,1073,2022-12-08,836
378495,1073,2020-02-05,2348
931257,1073,2023-01-14,3787
930686,1073,2023-09-23,4461
774174,1073,2023-10-31,3913
844822,1073,2020-01-11,2211
234445,1073,2020-04-05,2700
669829,1073,2023-07-13,1647
774943,1073,2020-08-25,2143
971535,1073,2024-01-09,3416
512736,1073,2023-06-24,2982
596440,1074,2024-01-02,2353
876372,1074,2020-07-02,425
870824,1074,2022-02-28,887
608433,1074,2023-10-26,2353
764846,1074,2022-04-10,1726
186694,1074,2022-04-28,3303
593960,1074,2020-02-09,4002
336500,1074,2023-01-10,1044
900463,1074,2020-07-19,646
136683,1074,2023-12-22,3309
510834,1074,2021-03-19,426
775887,1074,2022-11-07,3159
564310,1074,2020-07-05,3077
658988,1074,2022-05-26,1048
953220,1075,2023-11-14,2081
907221,1075,2023-03-01,1774
932583,1075,2022-04-24,1895
611162,1075,2021-04-30,3462
429125,1075,2020-04-29,419
181972,1075,2024-01-14,1866
369045,1075,2022-01-07,919
370741,1075,2021-08-30,2494
425437,1075,2020-07-03,2253
256877,1075,2022-06-24,4682
900511,1075,2021-11-29,1026
744894,1075,2020-12-14,4108
419165,1075,2020-11-03,3616
490270,1075,2020-10-13,3009
775302,1075,2021-01-17,3677
809132,1075,2021-09-30,3185
591121,1075,2020-10-02,2747
192876,1075,2020-12-02,2173
407680,1075,2022-06-29,2196
213936,1075,2022-12-17,4404
467894,1075,2020-11-23,1999
547244,1076,2023-06-06,1720
337723,1076,2024-02-05,1924
938927,1076,2022-06-05,3273
831893,1076,2021-12-22,1112
297478,1076,2020-01-13,697
789884,1076,2020-08-25,1317
537585,1076,2022-02-19,1847
441558,1076,2022-04-28,3183
867442,1076,2021-09-19,342
981864,1076,2023-04-18,2961
594955,1076,2021-04-23,4860
934006,1076,2021-01-18,4712
953816,1076,2020-11-03,2896
396629,1076,2023-10-22,3272
568011,1076,2022-01-08,3991
846760,1076,2020-05-19,1704
906124,1076,2022-08-31,3151
288487,1076,2023-04-28,1544
851722,1076,2023-06-09,3313
259882,1077,2021-09-06,1704
602175,1077,2021-05-20,932
306548,1077,2021-02-27,3678
568535,1077,2021-01-24,4637
113233,1077,2021-09-05,692
952159,1077,2021-05-13,1456
470608,1077,2020-08-14,2386
254455,1077,2022-03-27,3420
385810,1077,2024-01-13,1286
527858,1077,2022-05-20,4963
634522,1077,2020-09-29,1229
242482,1077,2020-07-02,4269
101051,1077,2023-02-16,4588
484370,1077,2023-06-21,3997
619385,1077,2020-06-25,3947
326572,1077,2020-11-03,3559
326256,1077,2023-02-02,1451
662422,1077,2021-11-30,1717
302834,1077,2023-04-24,1578
810381,1077,2022-03-06,2161
636785,1077,2022-03-26,2856
880734,1077,2021-04-04,4767
935279,1077,2021-01-04,4205
485946,1078,2020-05-16,4662
930351,1078,2020-07-02,3558
450679,1078,2023-10-30,2996
878776,1078,2022-03-12,1473
717367,1078,2021-05-24,3249
961465,1078,2022-07-04,3281
918386,1078,2020-05-31,1228
318306,1078,2023-07-30,2711
213776,1078,2020-09-27,1386
292971,1078,2020-04-14,3964
918731,1078,2023-07-29,2598
440401,1078,2022-05-01,4435
746275,1078,2020-03-27,1911
692054,1078,2021-01-02,328
600981,1078,2021-10-31,4170
386073,1078,2020-05-28,827
544709,1079,2023-03-12,449
643597,1079,2022-08-05,1174
125901,1079,2022-11-14,1183
649752,1079,2022-06-08,2317
397584,1079,2022-05-24,1526
607994,1080,2021-06-13,4956
874107,1080,2022-01-08,2973
932359,1080,2020-07-10,2186
549777,1080,2020-05-17,4640
238419,1080,2022-10-05,3983
680086,1080,2020-07-21,4868
972639,1080,2020-01-05,3508
591830,1080,2021-07-02,4738
604677,1081,2023-05-05,784
916698,1081,2022-01-21,559
102866,1081,2020-01-30,2211
794379,1081,2022-04-23,4206
789753,1081,2021-12-17,1090
589415,1081,2022-08-17,931
824857,1081,2021-08-28,2704
272646,1081,2021-11-28,1919
558222,1081,2021-11-04,1787
745976,1081,2022-06-15,477
972999,1081,2020-04-20,2632
841184,1081,2022-01-30,3462
279689,1081,2021-11-24,1649
383028,1081,2023-09-20,1432
202421,1081,2021-11-08,2858
147111,1081,2021-12-02,3958
220592,1081,2021-06-12,2237
608069,1082,2022-04-28,4791
952557,1082,2021-03-04,3021
161602,1082,2020-12-31,1462
935655,1082,2024-01-08,4950
689621,1082,2020-09-25,1976
626750,1082,2023-06-22,1215
880962,1082,2022-12-19,4301
768629,1082,2021-07-23,606
435064,1082,2020-01-26,3276
248441,1082,2021-01-24,909
561370,1082,2024-01-11,1611
860592,1082,2023-06-26,4821
683117,1082,2020-01-13,3150
901151,1082,2021-07-09,3134
500782,1082,2020-01-19,4870
124042,1082,2022-01-20,1203
713712,1082,2021-02-22,2138
642307,1083,2020-05-01,4727
765643,1083,2023-09-02,4440
488422,1083,2020-12-28,1273
793312,1083,2020-12-20,3412
816741,1083,2022-04-05,1351
962605,1083,2022-05-29,4758
802461,1083,2022-03-18,386
540015,1083,2022-01-01,4724
606713,1083,2023-07-31,2484
760673,1083,2023-08-03,957
390951,1083,2022-03-02,4054
276298,1083,2020-06-07,3758
412257,1083,2021-08-05,3775
158219,1083,2021-01-05,4398
789129,1083,2023-02-22,3584
336495,1083,2022-03-08,1681
652165,1083,2021-10-19,2980
247878,1083,2021-07-25,3881
137034,1083,2023-11-06,2910
813156,1083,2020-12-15,2175
888089,1083,2021-05-08,3275
365308,1083,2022-07-07,2253
927679,1083,2023-03-15,4054
674887,1083,2021-08-30,4752
289651,1084,2022-10-26,2871
434199,1084,2021-03-22,3377
234794,1084,2022-03-21,1675
143856,1084,2022-03-19,1178
542244,1084,2021-02-19,925
590999,1084,2021-03-29,3562
445280,1084,2020-05-29,3006
354730,1084,2022-08-30,3010
787081,1084,2023-11-17,2323
345984,1085,2020-04-22,1040
232886,1085,2021-12-14,1306
771868,1085,2023-04-13,3131
408479,1085,2020-01-30,3171
659073,1085,2023-06-14,2615
587918,1085,2022-11-14,1809
166253,1085,2022-10-13,3765
261081,1085,2021-08-28,4670
237854,1085,2022-11-14,1557
963586,1085,2020-04-25,2295
861569,1085,2020-04-08,1820
140149,1085,2021-11-15,3150
983190,1085,2024-01-11,3141
105695,1085,2020-09-14,1177
466645,1085,2022-10-15,983
810386,1085,2021-04-27,1212
960346,1085,2021-10-17,4786
256078,1085,2020-08-26,2545
525659,1086,2023-09-18,2530
760046,1086,2020-03-12,2102
374349,1086,2021-07-28,2259
509740,1086,2020-01-17,4548
837744,1086,2021-01-10,2027
815732,1086,2021-06-03,289
727407,1086,2022-03-14,3043
194837,1086,2023-04-13,4371
223805,1086,2021-02-03,1169
953062,1086,2023-04-18,3395
330780,1086,2023-08-09,4490
169518,1086,2020-08-15,4213
220243,1086,2021-04-05,4913
496308,1086,2020-03-04,2274
779222,1086,2022-10-08,484
441651,1086,2020-10-07,1387
135733,1087,2020-08-11,983
754481,1087,2022-08-22,1149
120323,1087,2022-11-19,244
658866,1087,2021-04-15,2281
426284,1087,2023-12-21,1029
970261,1087,2020-08-08,2781
882259,1088,2023-10-22,1131
276968,1088,2022-10-07,3606
688216,1088,2020-05-27,1232
838591,1088,2021-01-22,3321
183793,1088,2022-07-04,2078
778525,1088,2020-10-04,2177
216547,1088,2022-09-15,3571
851393,1088,2021-08-11,4913
700198,1088,2021-08-02,1370
600201,1088,2021-04-22,1382
964418,1088,2021-03-16,2076
678748,1088,2021-02-18,1830
752468,1088,2020-10-14,4482
347667,1088,2023-03-07,329
614241,1088,2020-11-11,343
468655,1088,2023-08-18,444
870974,1088,2023-02-04,2376
203306,1088,2022-06-05,540
807910,1088,2023-12-04,4150
190417,1088,2022-06-26,2854
111984,1088,2023-06-02,4242
183291,1088,2022-09-18,520
587387,1088,2023-04-19,1331
734151,1088,2022-03-28,211
840122,1089,2022-05-30,2429
627297,1089,2021-10-17,2277
834803,1089,2023-01-24,643
919497,1089,2022-03-18,1044
133783,1089,2023-10-16,1597
993481,1089,2020-10-29,4716
248725,1089,2023-06-14,384
421898,1090,2023-07-30,4631
143169,1090,2023-03-29,3872
738273,1090,2020-01-12,4883
151033,1090,2020-07-19,721
339455,1090,2021-05-19,4009
186803,1090,2022-11-28,4355
579809,1090,2020-11-16,3679
818837,1090,2022-07-11,1609
126270,1090,2021-07-22,726
114859,1090,2021-09-04,2372
211462,1090,2020-10-06,3164
349737,1090,2021-09-13,3093
451889,1090,2021-11-04,2561
514027,1090,2023-03-19,4331
703555,1090,2022-11-11,2886
438767,1090,2023-10-11,4735
954744,1090,2023-01-24,3188
915267,1090,2020-05-27,394
682111,1090,2020-05-02,1623
606554,1090,2022-08-22,2908
815879,1090,2024-01-25,4014
659070,1090,2021-12-10,2643
289327,1090,2023-09-22,3413
839644,1090,2023-11-25,880
923851,1091,2021-09-01,2356
837651,1091,2022-05-04,815
811423,1091,2020-07-24,4338
231936,1091,2023-06-22,984
776315,1091,2020-03-23,2437
169590,1091,2022-03-10,1135
603692,1091,2020-09-07,2538
556324,1091,2023-05-09,525
109726,1091,2023-12-03,4061
134753,1091,2022-04-16,4803
708986,1091,2020-03-12,1470
387360,1091,2022-07-28,4903
697578,1091,2021-07-19,1567
890474,1091,2020-02-23,2775
991490,1091,2020-07-11,4166
257753,1091,2023-12-31,328
597488,1091,2021-12-06,4196
879091,1091,2023-09-11,4303
331452,1091,2023-02-09,3194
409378,1092,2020-07-06,2956
629882,1092,2023-10-19,1844
751539,1092,2023-01-01,442
972437,1092,2023-01-30,370
600364,1092,2020-07-06,3712
577294,1093,2022-05-26,4125
613066,1093,2020-07-29,4239
364179,1093,2023-05-08,1057
677263,1093,2021-09-18,1249
591818,1093,2023-01-05,1123
218920,1093,2022-11-09,4506
709007,1093,2021-03-10,4262
286806,1093,2021-10-27,4706
836778,1093,2022-03-16,2857
456778,1093,2023-07-22,1671
592461,1093,2022-01-11,1443
572295,1093,2020-11-23,1666
917203,1093,2021-01-10,462
513962,1093,2020-12-24,3588
435513,1093,2021-10-13,3834
986388,1093,2023-12-15,4341
526583,1093,2021-12-20,2112
453548,1093,2021-08-23,580
972565,1093,2020-04-25,4555
895722,1093,2020-10-31,565
572697,1093,2021-06-06,3619
785493,1093,2023-05-23,2676
469430,1093,2022-01-16,512
759993,1093,2022-07-09,1277
369152,1094,2023-04-02,3029
348141,1094,2022-03-08,4643
919472,1094,2022-08-20,1973
659603,1094,2023-01-21,4980
769774,1094,2021-09-13,1146
901125,1094,2021-09-09,706
195790,1094,2023-04-19,443
817221,1094,2023-09-05,3358
810872,1094,2023-07-25,2072
656016,1094,2023-04-07,4625
620841,1094,2024-01-04,590
580751,1094,2021-01-15,3577
506245,1094,2022-03-30,872
594080,1094,2022-08-06,1411
371265,1094,2022-07-01,843
489546,1094,2021-05-16,929
412579,1094,2020-03-11,4752
982876,1094,2020-10-17,4036
576055,1094,2020-10-18,955
867610,1094,2023-07-30,2069
817176,1094,2023-03-25,707
560188,1094,2021-06-11,3626
436430,1094,2023-04-25,3302
710724,1095,2020-10-30,4257
910927,1095,2022-11-28,3915
475325,1095,2023-07-25,2355
171947,1095,2020-08-09,892
653214,1095,2024-01-18,456
536606,1095,2021-03-17,2081
105209,1095,2021-01-24,4877
369355,1095,2021-08-20,218
308785,1096,2021-08-29,2280
549764,1096,2022-05-11,354
316486,1096,2022-06-23,1469
935988,1096,2022-04-23,1982
650428,1096,2023-03-30,946
527709,1096,2023-02-14,470
211361,1096,2020-06-20,473
511906,1096,2023-03-04,1906
542065,1096,2021-02-25,1409
819211,1097,2021-01-12,4875
928282,1097,2021-12-22,3467
424464,1097,2023-01-26,1673
119627,1097,2021-01-17,2381
322633,1097,2022-11-14,3456
450046,1098,2023-12-06,423
223099,1098,2020-06-27,1854
374864,1098,2020-09-21,1153
202828,1098,2021-02-19,2974
720740,1098,2022-12-12,679
439386,1098,2023-09-15,3522
177606,1098,2022-06-08,4054
468582,1098,2022-07-13,2370
257550,1098,2023-11-11,2595
190140,1098,2022-09-01,234
636069,1098,2023-11-20,2870
398277,1098,2021-08-11,3418
185058,1098,2022-06-22,4286
405273,1098,2020-12-05,4470
450083,1098,2021-08-19,4746
575692,1098,2023-03-05,3287
531436,1098,2023-05-03,3767
880296,1098,2020-11-29,1216
368614,1098,2020-01-15,1038
617733,1098,2020-08-13,3696
376452,1099,2023-12-22,2513
830602,1099,2023-05-16,1845
859495,1099,2022-08-09,3640
267896,1099,2020-11-01,3736
519515,1099,2023-10-23,4117
354371,1099,2022-06-07,4062
114506,1099,2020-05-13,1650
520888,1099,2023-04-28,1364
427210,1099,2021-10-19,3715
936926,1099,2024-01-04,2426
494295,1099,2023-03-24,4406
548648,1099,2020-08-19,4763
225659,1099,2021-04-25,1013
162712,1099,2022-09-20,2231
862178,1099,2022-07-10,1103
355493,1099,2023-12-26,2853
847948,1099,2023-07-16,4443
428821,1099,2022-04-29,566
184817,1099,2022-12-25,4241
331414,1099,2022-03-23,4470
404958,1099,2021-08-10,694
457489,1100,2023-02-08,1984
955754,1100,2023-03-16,4330
924628,1100,2021-06-21,4669
180428,1100,2023-12-22,1951
798600,1100,2021-12-05,4858
877130,1100,2022-06-05,3934
418903,1100,2023-07-22,2073
810731,1100,2021-03-14,4003
482811,1100,2021-11-29,1512
496178,1100,2022-06-09,4987
414493,1100,2023-04-15,326
302210,1100,2023-04-06,2839
751084,1100,2023-09-28,1219
909269,1100,2021-10-23,4279
620610,1100,2021-03-19,884
947405,1100,2022-04-19,1662
333462,1100,2020-08-01,4380
653044,1101,2020-03-05,4958
510226,1101,2020-03-04,3614
787018,1101,2022-07-07,1575
723773,1101,2021-05-05,3929
761334,1101,2024-01-26,3496
708148,1101,2020-11-08,2082
728177,1101,2023-01-16,4975
727122,1101,2021-11-12,1273
539727,1101,2020-12-05,2594
856357,1101,2023-10-02,4944
563092,1101,2020-04-18,2780
795385,1101,2020-10-22,2359
703724,1102,2023-04-15,3931
540420,1102,2021-09-20,1827
865328,1102,2020-01-28,2185
523448,1102,2020-02-27,1721
724773,1102,2023-09-16,2496
729756,1102,2021-07-03,1101
187980,1102,2023-01-03,1877
889313,1102,2023-04-06,1578
576384,1102,2020-05-25,1464
421395,1102,2022-06-11,1258
487773,1102,2020-01-01,4448
544844,1102,2021-05-22,3397
971905,1102,2020-12-10,1961
165756,1102,2021-12-23,4823
500565,1102,2022-04-20,1864
221897,1102,2021-04-25,3177
183791,1102,2022-05-21,1662
181441,1103,2020-12-10,244
533797,1103,2020-01-21,1714
708806,1103,2020-10-13,1201
147645,1103,2022-01-25,473
449115,1103,2021-08-22,1979
202780,1103,2023-09-14,678
917166,1103,2021-05-30,4486
953159,1103,2021-09-12,1611
652144,1103,2020-09-28,342
237080,1103,2022-12-28,3532
690611,1103,2020-03-19,1881
837902,1103,2021-06-08,3460
580350,1103,2021-09-08,266
738447,1103,2020-07-09,4816
866941,1103,2023-02-14,2514
924930,1103,2021-04-29,3780
975817,1103,2023-04-02,4671
112940,1103,2023-07-15,748
326377,1103,2020-03-13,398
520993,1103,2021-07-25,990
142598,1103,2023-03-20,3940
799597,1103,2020-06-27,2444
911795,1104,2022-01-17,4504
465036,1104,2023-02-27,3284
982297,1104,2022-05-20,931
232201,1104,2023-10-30,1805
177506,1104,2021-11-28,3370
263402,1104,2022-06-04,1415
452580,1104,2022-09-05,2050
609394,1104,2022-06-12,1590
644061,1104,2020-05-23,4679
413559,1104,2023-10-16,2571
684718,1104,2020-08-04,1715
197206,1104,2020-07-01,3117
869565,1104,2021-04-11,2552
853624,1104,2023-03-13,310
449173,1104,2020-08-19,3855
660849,1104,2021-08-17,1777
207792,1104,2020-06-21,1172
328506,1104,2021-06-29,4192
948389,1104,2022-07-02,2381
819132,1104,2023-02-23,1662
490992,1104,2021-11-16,2578
410809,1104,2023-11-07,3753
637674,1105,2023-04-04,887
999092,1105,2021-07-19,1407
216582,1105,2023-05-30,2011
676623,1105,2022-12-18,1844
988704,1105,2021-10-30,390
867175,1105,2023-08-28,3306
817186,1105,2020-08-24,815
872378,1106,2020-01-01,1954
886895,1106,2023-06-07,1166
513867,1106,2023-01-15,3824
170474,1106,2023-08-14,889
880862,1106,2020-06-13,582
741232,1106,2023-12-26,1612
273615,1106,2020-08-11,571
220494,1106,2024-01-09,810
271277,1106,2021-03-22,1591
111516,1106,2023-09-02,4710
738046,1106,2022-06-10,3899
371409,1107,2021-12-18,3769
433134,1107,2023-01-07,1805
901818,1107,2020-09-27,4857
221635,1107,2020-09-03,3862
153634,1107,2021-12-02,1183
318599,1107,2020-12-17,1924
503359,1107,2023-07-03,2107
391568,1107,2022-02-19,1224
141505,1107,2024-01-09,4374
162699,1107,2020-11-29,1088
254721,1107,2023-01-10,2749
921190,1107,2022-02-03,1120
907461,1107,2020-01-14,4687
214010,1107,2020-11-05,3839
242429,1107,2023-01-21,4635
413940,1107,2024-01-08,1245
769986,1107,2020-11-01,2881
987935,1107,2021-09-16,1138
189360,1107,2022-04-27,641
807062,1107,2020-05-09,796
761414,1107,2022-05-11,2840
653958,1107,2020-11-20,3931
934354,1108,2023-04-03,1936
166985,1108,2020-09-21,2859
271349,1108,2022-04-11,2921
486486,1108,2020-06-05,1645
929690,1108,2022-05-27,1832
753841,1108,2020-11-22,712
100215,1108,2023-03-01,3531
955121,1108,2023-07-30,1906
667354,1108,2020-06-09,2531
634633,1108,2023-02-02,3710
915331,1108,2020-11-13,3121
497783,1108,2022-12-15,3711
768689,1108,2021-11-24,3220
433936,1108,2020-08-16,370
313286,1108,2020-07-07,625
146032,1108,2023-01-07,1118
963413,1108,2021-05-13,3009
334337,1108,2022-04-05,3979
404962,1108,2020-03-11,345
441609,1108,2023-08-12,4765
219875,1109,2021-05-08,4088
566995,1109,2022-05-31,2610
414260,1109,2021-04-18,2069
610472,1109,2023-12-25,2067
893897,1109,2023-12-29,2938
840479,1110,2021-06-15,4205
915943,1110,2022-12-24,440
349200,1110,2021-06-19,1607
406606,1110,2020-03-23,3968
535126,1110,2021-09-02,4869
778173,1110,2022-09-15,3805
964714,1110,2023-05-20,2373
259132,1110,2021-02-28,2801
577793,1110,2023-03-27,2359
782385,1110,2020-05-01,4568
481325,1111,2021-04-15,1430
969485,1111,2024-01-03,1501
783970,1111,2021-07-22,1705
124354,1111,2023-02-11,2116
164384,1111,2022-03-30,3748
135525,1111,2020-11-16,378
993824,1111,2020-08-06,1751
567435,1111,2020-03-01,1277
294215,1111,2021-06-21,3095
443003,1111,2020-03-05,3883
204127,1112,2020-06-19,4160
111962,1112,2021-06-18,3662
104011,1112,2021-11-23,3598
298763,1112,2023-03-31,1204
143459,1112,2023-05-14,526
874751,1112,2021-10-20,201
469673,1112,2021-03-09,324
871152,1112,2021-04-29,2899
331237,1112,2023-03-19,3120
214003,1112,2020-05-08,637
350606,1112,2021-05-15,3329
289637,1112,2020-07-29,1101
900812,1112,2023-01-25,4686
857582,1112,2022-12-03,226
664174,1113,2021-07-01,2868
714966,1113,2021-12-04,4480
725732,1113,2023-02-27,1790
310809,1113,2022-04-27,4894
633285,1113,2023-09-19,3425
737506,1114,2021-02-16,745
474368,1114,2020-06-17,2928
816438,1114,2021-08-05,2762
156633,1114,2020-02-01,2841
103114,1114,2021-09-08,3844
183123,1114,2021-06-01,3374
217769,1114,2021-08-05,3361
485693,1115,2022-07-05,3368
765673,1115,2023-04-29,4278
499017,1115,2020-02-25,919
250056,1115,2020-02-01,3798
243933,1115,2021-10-28,483
292319,1115,2020-07-05,4793
317726,1116,2023-08-08,2260
770990,1116,2023-05-23,2694
539257,1116,2022-09-19,2321
913592,1116,2020-04-10,2423
448586,1116,2023-02-14,3437
104136,1116,2021-03-04,543
210957,1117,2023-02-17,4904
786736,1117,2021-12-28,2476
301528,1117,2023-02-27,1088
913051,1117,2023-09-03,3920
381411,1117,2023-09-22,4412
516561,1117,2021-01-02,1317
512601,1117,2023-09-26,2908
820785,1117,2021-11-25,1124
263991,1117,2021-08-08,1112
724913,1117,2021-05-10,3995
133324,1117,2023-01-10,1752
151272,1117,2022-11-03,3704
779249,1118,2022-10-15,4854
253706,1118,2020-09-21,3476
853818,1118,2022-09-14,1196
389014,1118,2021-06-14,3105
179795,1118,2021-06-21,1377
493369,1118,2020-04-01,1916
750370,1118,2021-03-25,3057
494002,1118,2020-09-29,4472
531978,1119,2022-12-08,4862
846137,1119,2023-10-10,3983
205315,1119,2022-12-05,2549
795139,1119,2022-06-30,4703
396124,1119,2022-04-01,1352
115896,1119,2023-07-13,2711
165679,1119,2021-03-17,3428
309755,1120,2023-03-03,4443
703471,1120,2022-12-30,3504
666605,1120,2022-03-21,2913
988921,1120,2023-09-19,4494
402240,1120,2021-06-21,3392
870348,1120,2021-12-24,3210
558819,1120,2021-04-03,1737
542765,1120,2021-09-11,3557
564432,1120,2023-03-09,755
115116,1120,2022-06-12,2857
782265,1120,2021-10-22,2159
586121,1121,2024-01-20,1302
807788,1121,2022-03-01,1499
482650,1121,2021-07-11,4079
453791,1121,2020-03-18,3031
472050,1121,2021-11-04,3827
216220,1121,2020-08-25,2196
103089,1122,2021-06-07,4475
407322,1122,2023-06-23,3322
468615,1122,2022-12-30,4775
337103,1122,2022-11-08,1997
986867,1122,2023-03-24,1015
684326,1122,2021-03-18,3340
860330,1122,2020-05-22,4487
265250,1122,2021-01-12,734
398254,1123,2023-11-11,4700
297780,1123,2022-06-07,3538
206311,1123,2021-04-16,3140
501954,1123,2021-09-22,3797
910486,1123,2022-11-03,3025
100363,1123,2020-04-28,3509
496456,1123,2021-06-05,4929
364080,1123,2022-08-20,3205
308606,1123,2022-06-01,4040
879110,1124,2021-05-30,3185
748033,1124,2020-04-15,4509
795416,1124,2023-03-01,3097
495460,1124,2020-01-19,841
430763,1124,2023-01-09,529
805377,1124,2022-02-12,4687
170268,1124,2020-11-02,3538
480350,1124,2024-01-04,3142
270635,1124,2022-04-20,2767
509337,1124,2021-09-27,3580
298153,1124,2021-04-13,2459
764687,1124,2022-10-28,1073
503708,1124,2022-01-21,1053
382260,1124,2020-08-23,1529
698493,1124,2021-11-09,3291
262007,1124,2022-05-04,4430
113440,1125,2021-02-13,1469
894300,1125,2020-03-26,2803
794089,1125,2023-10-30,1669
272409,1125,2023-11-14,1880
894865,1125,2023-08-10,1119
728274,1125,2020-09-22,269
841204,1125,2020-02-26,2286
527991,1125,2022-03-11,2979
973272,1125,2022-01-25,2195
417231,1125,2023-08-14,2530
222989,1125,2022-10-13,4065
911032,1125,2022-04-22,3038
461185,1125,2020-02-26,379
871965,1126,2020-12-08,4772
449982,1126,2021-07-29,654
768903,1126,2020-10-15,4825
451136,1126,2020-08-16,795
546242,1126,2021-03-10,4697
749837,1126,2020-03-28,4164
281789,1126,2020-11-04,542
534352,1126,2020-05-18,393
545625,1126,2023-05-26,3435
211776,1126,2022-07-31,4820
882119,1126,2022-12-01,3162
597873,1126,2022-01-10,1153
823776,1127,2020-05-19,745
409044,1127,2022-10-13,2127
261297,1127,2020-02-26,204
308281,1127,2023-12-08,3453
125938,1127,2023-07-06,2863
684570,1127,2021-11-28,1473
365470,1127,2022-06-16,3218
215819,1127,2021-10-29,2836
409732,1127,2022-09-08,3219
637857,1127,2021-09-30,4577
623225,1127,2023-01-16,453
255976,1127,2021-06-27,3030
955012,1127,2023-11-21,3601
383816,1127,2020-12-31,854
678921,1127,2022-01-29,1998
727751,1127,2022-07-12,4711
766978,1127,2020-09-11,4023
411011,1127,2021-12-10,2824
326179,1127,2020-01-11,4321
602716,1127,2021-02-24,3934
482188,1128,2020-08-24,1208
251770,1128,2021-04-05,4958
921882,1128,2023-03-13,1189
178012,1128,2020-09-11,4363
156116,1128,2022-05-23,4652
321439,1128,2022-10-04,1955
241835,1128,2022-08-07,3003
243029,1128,2020-10-10,3583
706306,1128,2020-07-15,2729
494093,1128,2023-06-03,2068
983302,1128,2021-09-09,1588
544783,1128,2021-07-23,2837
565994,1128,2022-12-01,621
856547,1128,2023-04-19,744
390886,1128,2023-02-02,1423
447236,1128,2022-02-06,3857
729112,1128,2021-10-16,2646
417188,1128,2020-08-08,3866
399189,1128,2020-11-02,2769
302123,1128,2022-10-10,2251
604655,1129,2022-03-14,4510
119403,1129,2023-12-14,4396
979554,1129,2021-07-26,1532
729674,1129,2022-12-22,4286
370561,1129,2020-04-14,2197
960931,1129,2023-12-19,4724
583761,1129,2023-05-15,3299
356681,1129,2023-09-21,3340
879105,1129,2022-01-15,3111
361849,1129,2021-01-02,450
180730,1129,2022-05-05,3957
383817,1129,2023-01-18,4856
433245,1129,2020-10-20,1118
723765,1129,2023-03-01,632
474842,1129,2022-08-26,1035
380790,1129,2022-06-16,3832
399479,1129,2020-09-03,2629
404094,1129,2023-06-16,1126
472078,1129,2023-04-06,2807
453330,1129,2021-11-19,3351
196952,1129,2023-10-22,4773
377483,1129,2022-07-14,3691
721781,1130,2023-10-24,3264
491670,1130,2022-03-27,787
773078,1130,2024-02-01,2047
401763,1130,2022-12-03,4126
103317,1130,2023-01-12,4502
929590,1130,2021-10-29,364
467508,1130,2023-03-14,3257
923628,1131,2021-02-06,613
419532,1131,2023-11-26,4357
127043,1131,2022-05-17,218
919564,1131,2023-08-16,4032
827467,1131,2023-02-14,779
615578,1131,2021-06-29,4350
473513,1131,2022-09-18,4337
654280,1131,2020-08-18,652
275993,1131,2021-01-28,1581
386100,1132,2021-01-26,1416
472454,1132,2023-01-06,284
337268,1132,2020-02-18,1368
407268,1132,2022-12-17,3845
921726,1132,2022-03-30,3716
250823,1132,2023-04-09,2394
332931,1132,2023-08-22,645
103626,1132,2023-11-02,3537
679678,1132,2020-09-18,2048
678432,1132,2022-12-30,4225
536442,1132,2020-04-01,4422
562927,1132,2023-06-15,1182
907827,1132,2021-04-30,893
358072,1132,2020-06-04,3788
445876,1132,2022-12-16,4314
887839,1132,2023-05-01,1610
250953,1132,2020-10-03,751
191288,1132,2021-09-30,4532
985733,1132,2020-02-24,2931
327436,1132,2023-04-22,572
328300,1132,2020-07-19,1048
687073,1132,2020-10-01,703
173606,1132,2023-02-15,902
327369,1133,2020-11-10,2576
256688,1133,2020-10-09,3190
976801,1133,2021-07-28,4869
262403,1133,2022-11-08,1752
131556,1133,2021-02-26,957
676250,1133,2023-01-09,4724
283683,1133,2020-07-22,2975
872291,1133,2020-11-02,1887
726701,1133,2023-03-15,2161
318168,1133,2021-12-23,979
211825,1133,2021-06-12,543
324970,1133,2023-07-26,408
250862,1133,2023-08-04,2499
717736,1133,2020-09-27,2147
413045,1134,2022-03-05,1299
820531,1134,2023-09-06,2972
176208,1134,2020-04-18,1745
559822,1134,2021-01-13,2050
555775,1134,2022-08-15,4398
561691,1134,2022-05-03,2103
837197,1134,2022-11-16,878
592508,1135,2023-01-10,2675
781543,1135,2022-04-01,1702
449345,1135,2022-07-20,1625
378011,1135,2022-11-27,2640
601754,1135,2021-12-13,1478
659650,1135,2021-08-16,2636
269357,1135,2020-06-06,1227
302918,1135,2024-01-31,3683
942955,1135,2020-07-12,2965
207669,1135,2023-03-28,3550
727503,1135,2021-02-07,2925
345847,1135,2020-08-04,1358
974168,1135,2023-10-06,4473
979401,1135,2023-10-13,4881
254062,1135,2022-09-16,2264
727907,1135,2020-11-22,517
197064,1135,2023-06-29,2242
956566,1135,2020-04-28,909
738449,1135,2020-02-14,4609
922450,1135,2021-02-21,2803
865710,1135,2023-01-06,4621
766980,1136,2023-12-10,2461
714229,1136,2020-03-14,3834
769250,1136,2021-05-23,2579
750332,1136,2021-11-18,4952
605350,1136,2023-07-16,4105
766627,1136,2023-03-07,524
847465,1136,2021-12-17,2970
784308,1136,2021-06-19,3757
693411,1136,2020-05-31,1154
670850,1136,2020-09-15,2571
975512,1136,2022-05-18,1391
330063,1136,2020-11-05,1702
385291,1136,2021-04-17,3567
868460,1136,2023-09-09,1013
690669,1136,2023-03-10,4962
950181,1136,2023-12-14,1967
591874,1136,2022-02-08,4032
656620,1136,2020-06-28,265
244179,1136,2023-10-03,4466
194202,1136,2021-04-18,2781
699406,1136,2023-02-04,2686
748002,1136,2020-08-14,3715
425188,1137,2020-03-24,3886
373958,1137,2022-11-02,2032
818648,1137,2021-11-23,692
369579,1137,2023-02-17,4157
758767,1137,2021-10-01,372
629954,1137,2020-09-15,4159
256164,1137,2021-12-30,722
306717,1137,2022-04-18,2364
126505,1137,2023-02-13,2409
304354,1137,2021-06-26,4276
858849,1137,2022-12-29,4080
536670,1137,2021-02-19,2779
340056,1137,2022-01-07,2958
543942,1137,2021-01-29,2573
534044,1137,2023-01-19,1293
281413,1137,2021-10-03,4295
943352,1138,2023-09-20,1987
884752,1138,2020-02-18,4061
670993,1138,2023-06-16,2380
946822,1138,2022-02-24,1597
737300,1138,2021-04-23,1031
176425,1138,2021-11-12,2935
211915,1138,2020-03-22,286
204672,1138,2020-01-16,1021
418821,1138,2020-06-11,3939
213153,1138,2020-12-15,2132
332911,1138,2023-10-30,2990
361420,1138,2021-10-21,4133
496601,1138,2021-05-07,1122
681529,1138,2020-05-07,1782
264404,1138,2023-04-25,2797
579702,1138,2022-09-14,3836
155182,1138,2020-08-11,550
746290,1138,2020-12-14,4477
923932,1138,2022-10-14,2426
588195,1138,2022-06-12,4324
135187,1138,2020-04-06,2093
769113,1138,2023-05-11,3240
945844,1138,2022-01-04,1325
168653,1138,2020-03-06,4242
399345,1139,2020-05-02,646
856322,1139,2023-08-07,2918
360710,1139,2022-06-15,4576
467658,1139,2021-08-18,2186
176478,1139,2022-12-10,4169
227101,1139,2021-05-06,3780
594527,1139,2022-08-27,780
856488,1139,2020-09-14,4201
232283,1139,2020-08-17,4484
541758,1139,2020-01-10,3385
656107,1139,2021-11-06,701
454388,1139,2020-02-18,3766
770533,1139,2022-10-04,888
477218,1139,2022-08-27,3660
354957,1139,2020-08-05,3252
406521,1139,2023-06-07,2502
429963,1139,2022-11-15,1807
246692,1139,2020-09-27,322
109472,1139,2023-12-15,458
786126,1140,2022-05-12,724
371223,1140,2020-07-26,3582
455050,1140,2020-05-28,637
143162,1140,2023-01-18,4101
779930,1140,2020-12-23,3445
793464,1140,2021-03-31,3023
548096,1140,2021-09-20,3470
573919,1140,2021-04-30,399
916117,1140,2022-05-02,1671
194455,1140,2022-02-26,2511
275405,1140,2020-01-31,1721
572312,1140,2021-08-27,4048
291758,1140,2023-11-18,4797
386287,1140,2023-01-12,3133
207044,1140,2023-09-27,1038
752694,1140,2023-12-19,4015
590588,1140,2022-04-27,4909
858171,1140,2021-03-07,4973
786093,1140,2021-01-07,2472
541848,1140,2023-01-01,3520
766110,1140,2021-08-25,4511
126572,1140,2022-09-14,3491
291303,1140,2021-12-27,1444
881700,1140,2021-07-07,3918
899395,1141,2022-05-22,482
166617,1141,2022-04-13,2784
983784,1141,2022-07-11,1352
181494,1141,2022-04-21,3697
182867,1141,2021-10-26,1917
965404,1141,2020-03-07,836
354265,1141,2023-09-11,764
753817,1141,2023-01-10,3870
584353,1141,2020-07-22,4957
985540,1141,2021-02-07,4831
109583,1141,2023-05-20,4232
947056,1141,2022-02-01,4923
440716,1141,2020-04-14,4341
778710,1141,2023-09-16,2036
290912,1142,2021-06-19,2758
105577,1142,2021-06-23,1707
804463,1142,2020-01-16,3842
855664,1142,2020-08-30,1494
442776,1142,2021-12-05,1953
685842,1142,2023-08-15,2641
641770,1142,2022-09-04,1705
699142,1142,2020-10-23,3249
208721,1142,2023-05-23,4554
841067,1142,2020-01-07,2296
373945,1142,2020-06-09,375
394478,1142,2022-10-22,2702
898623,1142,2020-10-02,2745
689428,1142,2021-11-06,2023
367291,1142,2023-09-18,3272
381787,1142,2020-02-25,746
203535,1142,2023-08-26,2283
495065,1143,2021-08-17,1800
291812,1143,2020-11-02,3805
608522,1143,2023-02-06,2315
733123,1143,2021-11-22,4476
697457,1143,2021-03-09,1687
353608,1143,2022-07-02,1757
724705,1143,2022-11-10,2631
124363,1143,2020-02-08,1508
907733,1143,2021-08-24,1820
424368,1143,2023-09-21,4966
596712,1143,2021-04-23,300
417953,1143,2020-06-24,437
550400,1143,2023-01-27,4225
766470,1143,2021-05-09,2203
625825,1143,2022-01-24,3568
880498,1143,2023-02-20,3865
189743,1143,2023-11-12,4435
189846,1143,2022-11-01,3660
816112,1143,2021-05-20,1329
339647,1143,2023-01-02,3442
948964,1144,2022-03-23,561
644392,1144,2023-12-27,4267
726787,1144,2020-01-09,1252
624156,1144,2023-02-11,2709
776760,1144,2023-03-12,4927
543049,1144,2020-06-05,4132
290545,1144,2022-01-23,4216
123723,1144,2023-06-08,919
624362,1144,2023-07-17,2122
820882,1144,2021-09-17,4357
670217,1144,2020-11-15,2349
388172,1144,2022-05-23,1755
516313,1144,2020-04-21,3232
426968,1144,2022-09-24,660
246115,1144,2022-06-05,3733
857600,1144,2023-01-20,1275
284100,1144,2021-06-03,2124
115733,1144,2022-07-15,4852
764607,1144,2023-08-05,4874
346301,1144,2020-04-23,2451
262434,1144,2021-04-18,2944
892473,1145,2021-01-20,4357
292941,1145,2021-08-02,1760
248620,1145,2022-01-12,2922
307158,1145,2021-04-15,1616
101468,1145,2022-03-19,371
172255,1145,2020-01-31,4342
325409,1145,2020-12-17,1845
468697,1145,2023-02-03,1553
887199,1145,2021-11-13,3654
667256,1145,2023-03-31,3342
642462,1145,2024-01-17,1085
664790,1145,2021-01-31,1738
822969,1145,2020-11-08,1010
618953,1146,2021-12-16,2232
568451,1146,2021-03-25,2770
683526,1146,2023-10-09,2905
207092,1146,2020-04-09,815
400589,1146,2021-07-09,4573
292180,1146,2021-05-05,4550
741404,1146,2022-06-10,741
895911,1146,2022-04-04,3126
224232,1146,2023-02-12,4576
240562,1146,2022-02-11,4167
432103,1146,2020-07-29,4847
271999,1146,2020-01-26,901
131826,1146,2021-11-12,2660
440134,1146,2020-06-17,4524
278130,1146,2021-01-01,727
760246,1146,2021-06-07,2353
532859,1146,2022-08-22,4428
791150,1146,2020-09-25,3683
438592,1146,2022-03-01,1970
765329,1146,2020-04-26,997
558521,1146,2023-03-13,3988
381504,1147,2022-01-22,2669
134160,1147,2021-10-07,2805
769745,1147,2021-11-08,305
930679,1147,2021-10-19,2146
367688,1147,2022-12-31,1982
940125,1147,2023-04-24,2197
966453,1147,2023-06-23,1761
513606,1147,2023-01-27,4181
481382,1147,2023-02-01,1145
116984,1147,2021-10-14,1617
756884,1147,2020-09-07,1744
266963,1148,2022-06-16,425
883077,1148,2020-05-10,2879
894042,1148,2022-04-17,3006
115791,1148,2021-12-04,2744
334898,1148,2020-11-18,3481
170246,1148,2020-11-24,4428
670178,1148,2021-10-12,320
237821,1148,2024-01-15,1164
907040,1148,2023-01-19,3875
446140,1148,2021-12-22,532
635848,1148,2023-02-27,1516
787823,1148,2022-08-01,3370
551989,1148,2020-12-21,4434
765078,1148,2023-04-12,228
147599,1148,2022-10-10,2902
145406,1148,2021-07-07,2224
616394,1148,2023-04-30,2311
706962,1148,2022-02-08,3935
150390,1148,2022-04-13,2413
632249,1149,2023-05-03,4801
289773,1149,2022-03-03,1660
222357,1149,2022-05-07,4185
412712,1149,2022-03-16,1628
923578,1149,2023-10-17,4674
561823,1149,2021-07-09,555
543931,1149,2023-12-23,1240
299294,1149,2021-01-13,4975
790681,1149,2022-06-17,275
318827,1149,2022-08-19,3519
249805,1149,2021-12-26,2462
250685,1149,2020-03-09,592
969460,1149,2020-09-23,810
359418,1149,2022-10-05,2975
464446,1149,2021-11-03,3877
630084,1149,2020-04-24,230
910506,1149,2023-09-28,1600
523041,1149,2021-09-08,4834
692610,1149,2022-10-22,1070
734388,1149,2022-12-17,1612
921939,1149,2022-07-29,540
487932,1149,2022-11-09,4333
510259,1149,2023-11-10,1856
961864,1150,2023-09-08,2984
738464,1150,2022-03-29,212
721458,1150,2022-07-09,2618
335851,1150,2020-09-17,2217
632245,1150,2023-05-13,4992
375381,1150,2021-01-21,3068
503923,1150,2023-12-09,4364
627831,1150,2023-02-01,1981
728935,1150,2020-08-03,2169
427891,1150,2021-05-22,531
157196,1151,2021-07-04,1141
376735,1151,2022-09-18,927
143822,1151,2023-04-10,848
465543,1151,2021-04-15,2937
490732,1151,2021-11-30,1209
305603,1151,2022-04-10,4509
259912,1151,2023-09-15,4441
703910,1151,2021-05-30,3361
424036,1151,2020-02-29,727
586626,1151,2022-10-20,3934
737684,1151,2022-02-20,632
411072,1151,2023-03-22,600
869302,1151,2020-02-26,3250
460400,1151,2020-07-04,2645
733619,1151,2020-06-06,2713
435510,1151,2021-03-21,1973
156096,1151,2023-01-01,1128
306354,1152,2021-12-31,4621
141954,1152,2021-09-04,2793
362739,1152,2022-07-09,1041
424809,1152,2020-12-09,1058
564271,1152,2023-05-26,644
464765,1152,2023-11-07,4152
112879,1152,2022-10-27,1495
583042,1152,2022-10-14,2263
953415,1152,2021-06-07,3050
259472,1152,2020-01-21,3961
730698,1152,2020-08-15,2008
568255,1152,2022-03-19,4255
400314,1152,2021-02-07,1289
986408,1152,2021-03-12,4554
192115,1152,2020-04-12,1324
723813,1152,2022-03-23,2473
848462,1152,2021-04-07,436
115385,1152,2023-02-18,3453
608670,1152,2021-09-25,2865
929151,1152,2020-09-29,3691
749983,1152,2024-01-05,695
204126,1153,2021-05-16,4130
265912,1153,2023-04-25,537
218637,1153,2022-11-26,2017
681768,1153,2021-05-22,4615
990695,1153,2022-07-04,3738
858685,1153,2020-02-22,3107
152066,1153,2023-06-12,2182
116138,1153,2021-03-08,3767
371334,1153,2020-04-09,4894
811058,1153,2021-01-30,3798
129086,1153,2022-07-27,1836
225604,1153,2021-04-07,4836
576785,1153,2023-10-19,3401
939763,1153,2020-09-27,2491
522275,1153,2020-08-01,3437
939446,1153,2020-02-28,3130
383466,1153,2022-07-12,1727
108314,1154,2023-12-07,1362
963460,1154,2023-07-21,2686
246429,1154,2021-07-15,4181
401173,1154,2022-06-23,3754
440362,1154,2022-05-25,3731
341474,1154,2022-07-23,274
911028,1155,2023-04-09,1238
400242,1155,2021-07-13,1309
408372,1155,2021-01-06,1374
420580,1155,2023-07-07,2211
879085,1155,2021-06-04,4666
580674,1155,2020-04-10,4956
493145,1155,2022-08-25,442
283024,1155,2021-05-26,3096
159946,1155,2023-01-23,2473
363685,1155,2020-08-01,2965
405218,1155,2021-01-30,4907
875404,1156,2022-02-08,1622
889404,1156,2021-10-08,2469
727867,1156,2021-10-15,1381
989808,1156,2023-12-10,3253
507922,1156,2023-09-29,3533
618993,1156,2022-05-05,428
579095,1156,2020-10-06,2093
232385,1156,2022-12-06,1174
241002,1156,2023-05-22,957
660151,1156,2020-11-16,2521
755915,1156,2022-04-23,1586
153915,1156,2022-09-26,2627
303462,1156,2024-02-02,4970
913171,1156,2021-08-27,4067
307226,1156,2023-05-14,2713
644475,1156,2020-10-06,817
663508,1157,2024-01-19,1192
924624,1157,2023-10-09,4581
851943,1157,2023-01-31,4982
846777,1157,2024-01-04,3278
946462,1157,2022-07-24,2723
554142,1157,2024-01-25,2300
246161,1157,2021-04-30,3915
498825,1157,2023-10-19,3383
122936,1157,2022-10-27,1965
997691,1157,2023-05-05,4006
277129,1157,2020-09-06,1818
830351,1157,2021-01-14,1071
625122,1157,2024-02-03,3022
354870,1157,2021-03-30,2613
633793,1157,2021-02-06,2305
299176,1157,2023-08-20,1338
214897,1157,2022-11-30,2420
330168,1158,2022-03-03,3310
741142,1158,2020-11-30,1559
574650,1158,2023-01-02,1414
972771,1158,2022-10-07,483
788340,1158,2022-07-17,1617
487410,1158,2022-11-11,1994
728580,1158,2020-04-14,4093
234917,1158,2022-02-01,3492
985114,1158,2023-05-30,3529
743784,1158,2023-10-22,424
490857,1158,2022-01-07,435
702294,1158,2021-12-12,2088
850190,1158,2022-10-26,1459
908062,1158,2023-02-01,948
513151,1159,2020-06-03,709
998599,1159,2021-12-09,3141
377255,1159,2020-10-24,4432
991255,1159,2020-03-27,1977
281446,1159,2024-01-26,3867
511377,1159,2023-07-28,901
124502,1159,2022-07-30,351
722561,1159,2023-08-18,1501
996650,1159,2022-10-28,1006
784266,1159,2021-11-05,4856
281549,1159,2020-02-07,1359
152021,1159,2021-02-24,1442
468987,1159,2023-01-07,2118
942000,1159,2023-03-30,3958
990733,1159,2020-11-03,1597
754287,1159,2022-01-02,2024
372827,1159,2023-02-10,4260
875372,1159,2021-02-08,1921
164340,1159,2023-05-05,3025
923045,1159,2020-04-24,3392
654636,1159,2020-03-05,1499
309720,1159,2020-08-26,1615
362512,1159,2020-08-20,2442
660139,1160,2022-07-09,888
786296,1160,2022-10-31,1669
137493,1160,2020-06-12,3822
634580,1160,2020-08-05,3989
623238,1160,2022-04-03,3631
647200,1160,2020-02-25,4413
180771,1160,2023-06-30,997
199083,1160,2022-10-12,3050
721747,1160,2023-12-09,2093
332682,1160,2022-05-04,3918
396412,1160,2022-04-22,1960
890073,1160,2023-01-21,391
244378,1160,2023-01-31,595
549542,1160,2021-10-01,4862
600585,1160,2021-07-27,4535
911464,1161,2020-08-20,4649
928396,1161,2023-09-18,4734
416790,1161,2023-08-08,544
741687,1161,2023-12-22,4952
499489,1161,2020-05-20,2662
715516,1161,2021-09-17,4579
192091,1161,2020-08-10,943
346222,1161,2023-07-23,1936
375478,1161,2023-07-17,864
576492,1161,2022-10-11,2332
766220,1161,2022-11-20,1964
491407,1161,2020-12-28,3069
476460,1162,2021-10-29,3570
138744,1162,2023-10-26,298
710278,1162,2022-04-18,621
334975,1162,2020-03-02,1332
889622,1162,2022-10-06,797
132125,1162,2021-01-26,1275
790778,1162,2023-08-05,2584
805321,1162,2023-05-12,3509
711709,1162,2022-01-21,1359
910364,1163,2022-05-30,2882
714653,1163,2023-02-11,1431
836786,1163,2021-01-10,3775
763431,1163,2020-06-14,1773
639828,1163,2022-05-10,4912
352515,1163,2024-01-07,3603
383126,1163,2022-07-01,4880
872783,1163,2021-01-30,3374
661669,1163,2021-09-25,435
914506,1163,2020-04-25,3434
804737,1163,2020-08-17,4477
623512,1163,2023-09-03,4236
337777,1163,2023-11-16,4128
158453,1163,2021-02-18,2226
287063,1164,2022-04-23,1724
919781,1164,2020-05-12,3038
431065,1164,2020-08-08,1175
861269,1164,2022-12-05,2013
275295,1164,2023-11-03,3035
168274,1164,2023-09-19,4334
977860,1164,2021-11-20,361
377834,1164,2023-02-01,4070
437530,1164,2022-12-13,2163
236225,1164,2020-08-29,1166
952857,1164,2020-04-22,3261
728758,1164,2022-04-03,3389
935544,1164,2021-12-01,1866
832154,1164,2023-05-20,1641
494283,1165,2020-05-07,3123
685885,1165,2022-04-06,4807
890417,1165,2020-02-14,3379
802682,1165,2021-03-18,4101
937946,1165,2020-06-25,1926
957759,1165,2020-09-23,1037
934938,1165,2021-05-03,4997
313678,1165,2023-08-06,556
886064,1165,2022-05-21,2173
540523,1165,2023-05-21,4847
994738,1165,2020-11-18,2841
831316,1165,2021-05-13,3591
259826,1165,2020-10-29,4557
448943,1165,2023-05-08,2939
375375,1165,2021-11-13,1518
535711,1165,2021-11-19,2643
634252,1165,2023-03-07,1077
840150,1165,2023-02-26,4344
963907,1165,2022-02-27,492
961811,1165,2021-06-19,4606
977080,1165,2021-09-30,433
389372,1166,2020-04-03,2574
477721,1166,2020-01-11,3600
311979,1166,2020-02-04,4742
726115,1166,2023-05-28,2688
307500,1166,2021-08-17,2476
472646,1166,2020-12-09,1303
467968,1166,2023-11-20,1678
341482,1166,2022-09-15,3156
812222,1166,2023-10-14,2774
851690,1166,2020-07-14,2066
181948,1166,2021-12-06,1220
700079,1166,2023-12-17,3864
246836,1166,2022-07-28,3802
891494,1166,2023-01-05,3568
185501,1166,2021-12-15,4237
379100,1166,2021-09-06,4250
640997,1166,2023-10-18,3940
377354,1166,2020-12-24,3977
269746,1166,2020-11-19,1921
510949,1166,2020-06-13,1796
290043,1166,2022-03-08,2702
867128,1167,2023-02-24,392
520466,1167,2021-06-13,291
218922,1167,2021-04-25,3116
980979,1167,2022-12-11,2713
173704,1167,2021-12-18,998
424058,1167,2021-02-04,4149
313596,1167,2022-07-20,797
945308,1167,2023-03-22,713
236694,1167,2022-10-26,4795
346476,1167,2023-02-15,4286
459000,1167,2021-10-27,2408
704429,1167,2022-12-15,427
541168,1167,2020-05-28,1269
804237,1168,2021-09-23,1563
137276,1168,2021-06-03,3744
110514,1168,2020-12-18,1302
166133,1168,2023-05-10,4249
728373,1168,2021-07-11,2388
426944,1168,2021-12-30,788
309272,1168,2023-11-08,4922
750558,1168,2023-10-24,1829
912002,1168,2021-12-03,2259
293691,1168,2021-04-21,3186
297008,1168,2022-03-18,2424
758772,1168,2020-02-26,2075
612447,1168,2020-07-21,3968
498968,1168,2022-01-07,4497
494569,1168,2020-12-28,4511
934507,1168,2021-07-08,3134
771766,1168,2020-06-03,1409
141708,1168,2022-03-15,333
274469,1168,2021-03-09,3871
455992,1168,2023-02-22,4239
263543,1169,2020-06-24,3117
599964,1169,2022-08-23,1329
447328,1169,2023-09-01,501
303299,1169,2021-12-16,4205
131498,1169,2020-09-24,3441
660113,1169,2021-07-04,1787
142782,1169,2023-03-10,3417
570440,1169,2020-11-09,4479
564535,1169,2021-12-13,2375
400318,1169,2023-06-30,4272
505257,1169,2021-11-30,2633
136069,1169,2020-09-27,1994
850378,1169,2021-02-18,4493
805591,1169,2022-04-10,4923
190715,1169,2023-03-07,1785
242321,1169,2020-03-11,4185
243953,1169,2023-10-27,3888
567543,1169,2021-05-28,1266
610790,1169,2021-08-28,1288
178113,1169,2021-01-10,2714
267809,1169,2023-05-21,4766
495412,1169,2020-03-28,989
185395,1169,2023-01-10,1864
636343,1170,2023-07-17,3563
144484,1170,2020-01-24,3203
605694,1170,2020-11-06,1431
996716,1170,2021-10-25,621
798093,1170,2020-11-16,3768
723538,1171,2023-04-01,2034
789692,1171,2023-04-03,2147
461756,1171,2022-07-27,586
617257,1171,2023-04-25,4133
902207,1171,2022-03-10,4721
789567,1171,2020-01-26,3642
362199,1171,2023-06-30,305
201505,1171,2022-04-28,869
964631,1171,2022-01-12,1166
313299,1171,2020-03-31,3664
771253,1171,2022-03-12,309
496848,1171,2021-08-07,4635
793812,1171,2022-09-05,2115
948039,1171,2021-07-10,304
921247,1171,2020-05-29,345
444937,1172,2020-10-25,3438
392552,1172,2021-10-07,4933
193190,1172,2021-04-08,983
317984,1172,2021-01-05,686
910194,1172,2020-06-13,3396
601072,1172,2020-07-10,2461
962781,1172,2023-09-13,1156
632860,1172,2021-11-03,3849
670141,1172,2020-08-26,1305
216074,1172,2021-05-19,2449
590391,1172,2020-02-06,2891
353516,1172,2023-11-26,3012
476826,1172,2021-12-06,3447
905408,1172,2024-01-30,1424
610491,1172,2022-10-13,1032
639689,1172,2021-08-19,2640
771502,1173,2021-03-16,1729
176693,1173,2020-11-15,3486
236262,1173,2021-07-21,4531
617400,1173,2022-09-13,3888
390693,1173,2023-03-31,3462
604840,1173,2020-02-29,2040
284544,1173,2021-11-30,4877
304580,1173,2023-08-03,4464
463581,1173,2023-10-04,1665
511811,1173,2023-12-14,3004
933358,1173,2022-11-17,4741
357231,1173,2024-02-02,3223
690642,1173,2020-04-13,4721
658180,1173,2021-09-30,1329
527686,1173,2022-02-07,4078
423860,1173,2022-12-24,2006
176675,1173,2020-07-06,3409
181238,1173,2020-04-14,4841
794651,1173,2020-04-19,744
686470,1174,2020-11-12,1489
259413,1174,2022-12-24,4628
179360,1174,2023-03-02,4887
223662,1174,2021-06-23,2982
736438,1174,2021-09-12,4914
574768,1174,2023-10-24,4137
922922,1175,2022-09-18,2346
155612,1175,2020-05-02,3591
663998,1175,2021-04-01,4817
311463,1175,2022-07-05,2956
762213,1175,2022-11-09,4855
510568,1175,2023-02-27,3564
214560,1175,2023-03-01,1089
649656,1175,2023-11-11,1181
303990,1175,2024-01-23,3729
100801,1175,2020-02-12,3549
878053,1175,2023-02-27,549
191679,1175,2023-02-03,3159
390507,1175,2020-01-01,1980
657639,1175,2021-03-07,3577
712236,1175,2020-02-22,3601
361677,1175,2023-09-10,3385
749362,1175,2023-04-04,1362
119731,1176,2022-02-27,3089
633857,1176,2023-03-23,2149
185192,1176,2022-05-27,3942
208073,1176,2022-01-28,3339
894044,1176,2021-03-20,2955
942329,1176,2023-10-14,4440
642994,1176,2021-05-23,2061
540126,1176,2021-04-21,2066
644719,1176,2023-12-08,3375
531231,1176,2021-10-27,4863
400821,1176,2023-09-30,4826
581438,1176,2023-12-20,880
927363,1176,2020-01-23,1929
921391,1176,2021-10-29,1812
713794,1176,2021-11-11,1172
104922,1177,2020-10-23,3383
905983,1177,2022-08-07,3427
122948,1177,2020-04-14,1928
429704,1177,2020-11-25,2686
166691,1177,2021-01-16,2385
107086,1177,2022-04-22,2517
432171,1178,2022-07-01,2711
910658,1178,2021-03-25,1554
672668,1178,2023-08-01,1493
266305,1178,2023-08-26,3302
388569,1178,2023-02-01,4481
502641,1178,2023-12-08,3552
731036,1178,2020-01-19,2959
902523,1178,2023-03-05,422
755362,1178,2023-06-13,4523
770608,1178,2021-05-13,2768
402756,1179,2023-03-08,1499
217026,1179,2022-12-12,3958
979725,1179,2021-12-15,1147
991907,1179,2021-11-14,4207
449230,1179,2020-04-03,3187
342223,1179,2020-07-31,635
794779,1179,2022-04-15,4500
843804,1179,2023-01-01,3787
329192,1179,2020-03-17,1015
960927,1179,2021-02-13,3885
206601,1179,2021-07-04,3073
496562,1179,2020-03-28,3348
242412,1179,2024-01-05,2787
919444,1179,2021-07-31,4049
568349,1179,2022-09-08,4008
468781,1179,2022-06-11,2599
578096,1180,2020-05-31,1669
766252,1180,2022-08-15,3574
538895,1180,2021-10-17,2968
703359,1180,2020-02-12,2511
484755,1180,2022-10-23,1860
489715,1181,2022-11-05,2424
526941,1181,2022-09-29,760
486354,1181,2023-06-23,1512
488026,1181,2023-09-17,2851
699830,1181,2021-08-28,4008
476620,1181,2022-04-09,3470
449454,1181,2022-01-15,757
786143,1181,2023-06-07,1141
153175,1181,2020-09-05,1139
150762,1181,2020-06-05,1925
289400,1181,2023-01-16,1536
802290,1181,2022-12-25,861
853696,1181,2021-07-11,3614
119510,1181,2020-03-01,4128
724135,1181,2020-09-28,4276
639251,1181,2023-09-02,2952
645893,1182,2020-11-05,4053
277443,1182,2021-05-09,3632
354289,1182,2021-08-01,209
792272,1182,2021-09-14,930
121274,1182,2022-08-28,1848
317220,1182,2020-03-23,4671
536572,1182,2020-09-27,1706
967190,1183,2020-03-16,3429
917060,1183,2020-11-24,4336
670534,1183,2022-07-10,2889
713398,1183,2020-10-05,3010
815220,1183,2023-11-24,212
817723,1183,2022-07-11,3821
218371,1183,2023-11-26,3322
881704,1183,2021-10-14,820
660846,1183,2023-08-16,1845
896867,1183,2021-02-20,4959
652355,1183,2023-10-11,4443
732829,1183,2022-09-27,1588
843787,1183,2021-02-05,2853
728203,1183,2020-08-16,4123
753848,1183,2020-09-24,4421
761809,1183,2023-01-17,2875
506879,1183,2021-11-19,1480
194488,1183,2021-03-18,2063
457188,1183,2021-01-23,816
762806,1184,2021-06-04,4925
840957,1184,2021-03-09,488
298017,1184,2020-01-14,456
820217,1184,2023-09-30,1623
260974,1184,2022-05-07,3190
494411,1184,2021-04-08,4565
134012,1184,2023-03-21,3670
784103,1185,2023-12-12,4169
347066,1185,2020-03-14,2602
163190,1185,2021-05-11,3599
375419,1185,2021-08-02,1109
165908,1185,2020-12-27,1544
829411,1185,2021-01-18,4870
948607,1185,2022-01-06,2593
161264,1185,2023-01-31,1415
462355,1185,2021-12-19,980
330395,1185,2023-05-02,1603
305463,1185,2021-08-22,210
859994,1185,2021-12-26,1238
676265,1185,2023-08-13,3203
325864,1185,2022-12-11,3288
965630,1185,2023-12-22,1989
975729,1185,2023-12-25,3853
668423,1185,2020-07-22,1276
903789,1185,2022-07-28,2065
307925,1185,2023-07-23,3606
514750,1185,2023-03-04,3329
263944,1185,2023-07-13,3767
972700,1185,2020-10-21,1381
661700,1185,2021-09-22,3338
825290,1186,2024-01-26,4396
635607,1186,2020-11-27,1974
770088,1186,2022-05-23,291
853772,1186,2020-11-12,3439
531915,1186,2023-12-29,4737
778105,1186,2023-05-30,2920
736431,1186,2020-10-04,3256
899288,1186,2022-10-06,3122
692337,1186,2022-04-18,3001
853241,1186,2022-04-17,229
417798,1186,2023-08-04,1457
246154,1186,2020-11-08,564
265640,1186,2022-06-23,4993
946626,1186,2022-02-27,4646
821075,1186,2023-04-01,4159
475903,1186,2022-02-12,4805
825356,1186,2022-09-07,552
287167,1186,2023-12-30,4707
989566,1186,2022-09-07,317
772225,1186,2020-07-10,2837
157450,1186,2021-01-16,443
618728,1186,2022-05-18,4763
242245,1187,2023-05-18,803
335132,1187,2022-10-11,4218
891624,1187,2023-08-25,3967
955738,1187,2022-05-09,2079
859036,1187,2020-01-13,2546
584427,1187,2022-12-10,986
605111,1188,2021-06-21,3956
160653,1188,2021-01-10,4377
440459,1188,2020-12-21,1124
109795,1188,2022-12-03,3252
335068,1188,2020-05-02,2577
547454,1188,2020-11-18,3382
111009,1188,2023-01-17,911
426754,1188,2021-06-22,2848
533297,1188,2020-09-13,1070
705058,1188,2022-03-19,470
404647,1188,2021-07-03,4863
947790,1188,2022-09-12,4654
482601,1188,2023-09-19,1912
742216,1188,2023-09-24,1484
444950,1188,2023-05-07,2458
563134,1188,2022-01-12,3743
916609,1188,2022-11-12,495
143013,1188,2021-07-03,880
458243,1188,2022-03-05,4498
541144,1188,2020-08-31,4622
723578,1188,2022-12-06,960
124142,1188,2022-11-02,1106
231436,1188,2023-09-27,1269
361674,1189,2020-07-26,3886
833307,1189,2022-10-30,3458
852158,1189,2020-02-29,3133
738902,1189,2022-02-20,641
179064,1189,2022-06-29,1759
150893,1189,2022-04-11,825
521655,1189,2023-04-03,2981
485114,1189,2020-06-15,3206
361401,1189,2022-12-24,4811
633660,1189,2022-01-16,2101
720501,1189,2021-01-29,386
494813,1189,2023-09-22,3947
965847,1189,2021-09-14,439
839860,1189,2020-05-20,338
512106,1189,2020-03-10,4680
235797,1189,2020-07-16,4500
585077,1189,2021-07-21,1081
958099,1189,2022-08-31,839
162894,1189,2020-11-20,4737
309699,1189,2020-10-14,4521
938569,1189,2021-07-13,913
137361,1189,2022-04-28,4188
460704,1190,2021-07-30,237
798392,1190,2021-02-13,660
607450,1190,2022-09-14,1640
753668,1190,2021-01-17,2032
803645,1190,2021-07-22,3599
624720,1190,2023-12-25,4351
868576,1190,2020-09-24,1951
585375,1190,2022-06-20,3040
952224,1190,2021-11-02,689
275746,1190,2020-02-18,1882
800731,1190,2021-02-16,4729
554472,1190,2023-03-14,1589
301123,1190,2022-04-23,3163
481361,1190,2021-10-04,1176
992081,1190,2023-08-09,245
953161,1190,2023-07-18,4712
350703,1190,2020-05-18,446
305591,1191,2021-09-28,3975
688879,1191,2022-01-07,1288
857847,1191,2023-01-16,912
744821,1191,2023-05-12,4896
457851,1191,2021-06-22,4509
999145,1191,2020-03-01,4993
136382,1191,2023-05-27,2259
123341,1191,2023-12-09,4532
505218,1191,2023-04-19,4100
159949,1191,2023-09-26,4942
583075,1191,2022-09-13,4768
828734,1191,2020-04-21,4251
259011,1191,2021-01-17,4312
637068,1191,2023-09-16,4010
601608,1191,2023-11-30,4412
527562,1191,2022-05-29,2362
277946,1191,2022-03-24,1848
484546,1191,2021-10-05,1559
219119,1191,2022-07-10,4160
431922,1191,2020-05-01,280
812345,1191,2021-10-23,2622
611545,1191,2020-03-03,4799
543035,1191,2021-03-24,3699
459267,1191,2023-12-21,1644
763440,1192,2021-11-10,1389
507124,1192,2021-04-05,658
584540,1192,2021-04-08,1111
592545,1192,2020-12-29,271
662602,1192,2021-09-29,1393
576984,1192,2020-12-02,2222
948883,1193,2021-10-14,1498
464550,1193,2022-06-23,3226
421516,1193,2021-07-19,4911
583157,1193,2021-07-26,2846
858529,1193,2023-04-16,2489
834750,1193,2024-01-25,3351
255146,1193,2023-12-11,965
983583,1194,2021-11-18,1349
849037,1194,2020-02-16,2172
463114,1194,2021-04-08,4418
402553,1194,2020-05-13,1842
726480,1194,2022-04-20,2854
761259,1194,2020-01-23,765
229789,1194,2022-08-22,2482
174723,1194,2022-12-18,1387
466338,1194,2022-04-05,4511
865110,1194,2021-10-18,3182
584441,1194,2020-11-06,756
192416,1195,2021-06-16,251
928753,1195,2023-04-09,4219
250594,1195,2020-10-26,871
133545,1195,2022-04-11,2479
135790,1195,2022-12-27,1274
535892,1195,2023-07-07,4886
246192,1195,2021-09-11,2186
864489,1195,2022-09-28,1246
492977,1195,2020-05-08,2538
339423,1195,2021-05-15,2433
817278,1195,2021-05-06,4808
177442,1195,2022-12-26,2532
411896,1195,2023-12-11,4484
961148,1195,2022-06-08,2081
923683,1195,2020-08-28,1954
413760,1195,2020-06-24,4682
794934,1196,2021-03-27,2524
435076,1196,2023-04-09,1958
243572,1196,2023-07-29,4336
760601,1196,2023-06-04,4895
832426,1196,2021-06-24,1982
515547,1196,2021-03-26,3720
191891,1196,2022-12-20,3773
168754,1196,2022-02-28,2581
613904,1196,2022-06-09,4439
341504,1196,2020-11-28,1619
759510,1196,2023-08-23,3117
855110,1196,2023-12-11,3944
242108,1196,2020-11-20,4375
344269,1197,2022-05-14,671
401129,1197,2021-08-11,1610
628058,1197,2021-07-17,4201
685136,1197,2023-12-06,4762
720140,1197,2022-09-18,2132
930176,1197,2022-09-20,266
550491,1197,2023-09-12,2950
419957,1197,2021-05-07,1924
500022,1197,2020-10-12,4185
445695,1197,2020-11-07,974
967424,1197,2022-08-22,2703
420974,1197,2020-05-11,1129
447076,1197,2022-07-17,1705
710937,1197,2022-06-15,3019
948934,1197,2021-07-19,1384
223168,1197,2020-07-18,2011
116911,1197,2022-07-05,1908
562326,1197,2023-06-25,1606
576377,1197,2023-01-15,3333
412094,1197,2022-12-01,4307
574857,1198,2022-04-20,2890
726683,1198,2023-02-12,1441
933160,1198,2020-04-15,890
649391,1198,2024-02-04,4025
569837,1198,2022-06-11,586
831616,1199,2021-02-11,3728
539948,1199,2022-06-16,910
201999,1199,2021-09-30,4712
575551,1199,2024-01-11,4380
913439,1199,2021-04-12,1295
584137,1199,2022-09-23,1192
333746,1200,2022-11-09,3761
595336,1200,2021-05-04,1956
331749,1200,2021-06-12,1091
726776,1200,2021-04-30,907
331773,1200,2023-01-12,4682
274166,1200,2020-11-02,4735
